sequence	motif_window	residue_at_SobAS1_W257
REF|bAS|Saponaria_SobAS1|A0AAW1L0L7	PAKMWCYCRM	W
REF|bAS|Panax_PNY1|O82140	PAKMWCYCRM	W
REF|bAS|Panax_PNY2|O82146	PAKMWCYCRM	W
REF|bAS|Betula_OSCBPY|Q8W3Z1	PAKMWCYCRM	W
REF|bAS|Bruguiera_BgbAS|A8CDT2	PAKMWCYCRM	W
REF|bAS|Glycyrrhiza_GgbAS1|Q9MB42	PAKMWCYCRL	W
REF|bAS|Arabidopsis_AtBAS|B6EXY6	PAKMWSYCRM	W
REF|bAS|Kalopanax_KsBAS1|A0A0S2IHL6	PAKMWCYCRM	W
REF|bAS|Barbarea_BAS1|A0A0U2U4F3	LAKTLCYCRM	L
REF|bAS|Solanum_TTS1|E7DN63	PAKMWCYCRM	W
REF|bAS|Citrus_OSC2|A0A067FI21	PGKMWCYCRM	W
REF|bAS|Pisum_OSCPSY|Q9LRH8	PAKMWCYCRL	W
REF|mixed-amyrin|Pisum_OSCPSM|Q9LRH7	PAKMLCYCRL	L
REF|delta-amyrin|Solanum_TTS2|E7DN64	PAKMWCYCRT	W
REF|tirucalladienol|Azadirachta_OSC1|A0A5B8NBN0	PAQMWCFCRL	W
REF|LUP|Ricinus_LUS|Q2XPU7	PAKMFCYCRI	F
REF|LUP|Betula_OSCBPW|Q8W3Z2	PGKMLCYCRL	L
REF|LUP|Bruguiera_LUS|A8CDT3	PARMLCYCRL	L
REF|LUP|Kalanchoe_LUS|E2IUA9	PGKMWCYCRM	W
REF|LUP|Glycyrrhiza_LUS1|Q764T8	PGKMLCYCRL	L
REF|LUP|Ailanthus_OSC3|P0DXI1	PAKMLNYCRL	L
REF|LUP|Citrus_OSC3|A0A067DDU9	PGKLLCYCRL	L
REF|LUP-multi|Arabidopsis_LUP1|Q9C5M3	PGKILCYSRM	L
REF|amyrin-multi|Arabidopsis_LUP2|Q8RWT0	LGKTLCYTRM	L
REF|camelliol|Arabidopsis_CAMS1|P0C8Y0	PAKMWCYCRL	W
REF|CAS|Arabidopsis_CAS1|P38605	PGRMWCHCRM	W
REF|CAS|Panax_CAS|O82139	PGRMWCHRRM	W
REF|CAS|Betula_CAS1|Q8W3Z4	PGRMWCHCRM	W
REF|CAS|Glycyrrhiza_CAS1|Q9SXV6	PGRMWCHCRM	W
REF|CAS|Cucurbita_CPX|Q6BE25	PGRMWCHCRM	W
REF|CAS|Ricinus_CAS|Q2XPU6	PGRMWCHCRM	W
REF|CAS|Oryza_CAS|Q6Z2X6	PGRMWCHCRM	W
REF|LAS|Arabidopsis_LAS1|Q1G1A4	PGRMWCHCRM	W
Aart_g6626_761aa_TPM13	PENFWCYCRL	W
Aart_g7093_760aa_TPM7	PGKTLCYCRL	L
Aart_g3483_756aa_TPM38	PGRMWCHCRM	W
Aart_g7345_756aa_TPM5	PAKMWCFARM	W
Aart_g10797_493aa_TPM115	PAKIFCYCRM	F
Aart_g14739_493aa_TPM123	PAKIFCYCRM	F
Aart_g15325_472aa_TPM35	PAKIFCYCRM	F
Aart_g163_467aa_TPM48	PAKMWCYSRM	W
Aart_bAS-A_joined_g7405+g2508_TPM~900	PAKIWCYCRM	W
