# generated by scripts/01_desert_gap_scan.py on 2026-10-07; -1 = query failed
species	local_name	names_searched	epmc	epmc_dz	epmc_omics	pubmed	sra	assembly	genus_assembly	nuccore
Cistanche phelypaea	الذنون	Cistanche phelypaea; Cistanche tinctoria; Cistanche lutea	59	6	24	7	30	0	0	133
Cistanche violacea	الذنون البنفسجي	Cistanche violacea	10	1	4	3	16	0	0	73
Cistanche tubulosa	الذنون (الصيني/الشرق)	Cistanche tubulosa	427	6	107	174	30	0	0	463
Thapsia garganica	الدرياس/بونافع	Thapsia garganica	249	15	81	47	2	0	0	53
Ammodaucus leucotrichus	المسوفة/كمون الصحراء	Ammodaucus leucotrichus	83	38	13	30	1	0	0	10
Cymbopogon schoenanthus	الإذخر	Cymbopogon schoenanthus	185	20	38	41	1	0	3	3
Hyoscyamus muticus	السكران/فلزلز	Hyoscyamus muticus; Hyoscyamus falezlez	291	6	149	90	1	0	0	64
Balanites aegyptiaca	الهجليج/تيبوراق	Balanites aegyptiaca	657	27	82	154	3	0	0	42
Citrullus colocynthis	الحنظل	Citrullus colocynthis	1162	63	252	326	255	11	173	632
Peganum harmala	الحرمل	Peganum harmala	1643	93	377	461	23	0	0	147
Calotropis procera	الكرنكة/العشار	Calotropis procera	1689	65	381	494	65	2	2	201
Pergularia tomentosa	الغلقة	Pergularia tomentosa	92	15	10	31	1	0	0	13
Zygophyllum album	العقاية	Zygophyllum album; Tetraena alba	115	15	28	31	0	0	0	24
Haloxylon scoparium	الرمث	Haloxylon scoparium; Hammada scoparia	145	26	24	46	3	0	2	10
Retama raetam	الرتم	Retama raetam	219	37	48	51	2	0	2	82
Artemisia herba-alba	الشيح	Artemisia herba-alba	678	158	141	212	4	0	16	419
Artemisia judaica	البعيثران	Artemisia judaica	194	24	50	60	1	0	16	15
Ziziphus lotus	السدرة/النبق	Ziziphus lotus	511	61	128	64	5	2	17	49
Pistacia atlantica	البطم	Pistacia atlantica	626	75	135	182	407	1	6	147
Argania spinosa	الأرقان (تندوف)	Argania spinosa	518	60	122	157	76	9	0	169
Olea europaea subsp. laperrinei	زيتون لابرين (الهقار)	Olea europaea subsp. laperrinei; Olea laperrinei; laperrinei	125	37	28	15	9	2	11	50
Cupressus dupreziana	سرو الطاسيلي (تارووت)	Cupressus dupreziana	36	12	6	7	1	0	1	31
Myrtus nivellei	ريحان الطوارق	Myrtus nivellei	22	15	6	6	0	0	0	13
Lawsonia inermis	الحنة	Lawsonia inermis	1684	60	312	318	1	0	22	60
Salvadora persica	الأراك	Salvadora persica	1109	49	215	295	1	0	0	37
Anvillea radiata	النقد	Anvillea radiata; Anvillea garcinii	101	21	29	45	2	0	0	19
Deverra scoparia	القزاح	Deverra scoparia; Pituranthos scoparius	35	21	3	15	0	0	0	7
Calligonum comosum	العرطة	Calligonum comosum; Calligonum polygonoides	195	10	48	57	1	0	1	69
Atriplex halimus	القطف	Atriplex halimus	481	68	113	138	0	0	4	237
Solenostemma argel	الحرجل	Solenostemma argel; Solenostemma arghel	93	7	29	27	8	0	0	9
Senna italica	السنا	Senna italica; Cassia italica	204	10	36	34	2	0	2	69
Nitraria retusa	الغرقد	Nitraria retusa	104	9	24	25	1	0	0	36
Euphorbia guyoniana	لبينة	Euphorbia guyoniana	23	10	3	9	0	0	26	12
Ferula vesceritensis	الكلخ الصحراوي	Ferula vesceritensis	20	13	3	9	0	0	1	3
Matricaria pubescens	الوزيعة	Matricaria pubescens	32	14	7	12	0	0	6	0
Saccocalyx satureioides	الزعتر الصحراوي	Saccocalyx satureioides	21	14	1	6	0	0	0	0
Withania adpressa	—	Withania adpressa	24	3	11	5	1	0	3	6
Cotula cinerea	الشويحية/القرطوفة	Cotula cinerea; Brocchia cinerea	54	17	6	26	2	0	0	15
Bubonium graveolens	التافس	Bubonium graveolens; Nauplius graveolens; Asteriscus graveolens	67	16	23	18	1	0	0	13
Fredolia aretioides	الدّقف	Fredolia aretioides	2	1	0	0	0	0	0	0
Oudneya africana	الحنّة الجمل	Oudneya africana	13	6	0	5	0	0	0	0
Limoniastrum guyonianum	الزيتة	Limoniastrum guyonianum	58	12	13	16	0	0	0	7
Rhanterium adpressum	العرفج	Rhanterium adpressum	13	5	5	2	0	0	0	2
Tamarix aphylla	الأثل	Tamarix aphylla	272	16	49	74	0	0	4	79
Ephedra alata	العلندة	Ephedra alata	167	36	47	45	1	0	0	26
Capparis spinosa	الكبار	Capparis spinosa	1173	66	256	245	301	0	0	179
Glycyrrhiza glabra	عرق السوس	Glycyrrhiza glabra	6471	83	1512	1304	392	2	7	696
Apteranthes europaea	—	Caralluma europaea; Apteranthes europaea	40	14	4	15	0	0	0	10
Vachellia tortilis raddiana	الطلح	Acacia raddiana; Vachellia tortilis; Acacia tortilis	702	38	67	123	48	1	7	260
Terfezia (fungus, not plant)	الترفاس	Terfezia; Tirmania	358	24	83	133	45	4	3	2572
