# generated by scripts/02_high_value_dz_sources.py. LOTUS pairs are literature claims (some artefacts); GBIF record counts measure recording effort, not abundance; cultivated species included.
compound	pubchem_cid	inchikey	lotus_taxa	dz_species_n	dz_species	dz_genera	controlled_substance
thapsigargin	446378	IXFPJGBNCFXKPI-FSIHEZPISA-N	3	2	Thapsia garganica (145 GBIF rec, Apiaceae); Thapsia villosa (40 GBIF rec, Apiaceae)	Thapsia	
trilobolide	5281503	FIAZIVNRHQWTPY-QAAPNFDWSA-N	3	2	Thapsia garganica (145 GBIF rec, Apiaceae); Thapsia transtagana (1 GBIF rec, Apiaceae)	Laserpitium; Thapsia	
nortrilobolide	10097774	WEJWYRUDUWBNIB-YQMCDBNQSA-N	2	1	Thapsia garganica (145 GBIF rec, Apiaceae)	Thapsia	
paclitaxel	36314	RCINICONZNJXQF-MZXODVADSA-N	24	2	Dioscorea communis (95 GBIF rec, Dioscoreaceae); Taxus baccata (54 GBIF rec, Taxaceae)	Dioscorea; Taxus	
10-deacetylbaccatin III	154272	YWLXLRUDGLRYDR-ZHPRIASZSA-N	10	1	Taxus baccata (54 GBIF rec, Taxaceae)	Taxus	
vinblastine	13342	JXLYSJRDGCGARV-CFWMRBGOSA-N	5	2	Catharanthus roseus (8 GBIF rec, Apocynaceae); Diospyros lotus (3 GBIF rec, Ebenaceae)	Catharanthus; Diospyros	
vincristine	5978	OGWKCGZFUXNPDA-XQKSVPLYSA-N	4	1	Catharanthus roseus (8 GBIF rec, Apocynaceae)	Catharanthus; Taxus	
camptothecin	24360	VSJKWCGYPAHWDS-FQEVSTJZSA-N	24	0		Archidendron	
podophyllotoxin	10607	YJGVMLPVUAXIQN-XVVDYKMHSA-N	44	6	Juniperus thurifera (23 GBIF rec, Cupressaceae); Linum austriacum (12 GBIF rec, Linaceae); Linum nodiflorum (4 GBIF rec, Linaceae); Linum catharticum (2 GBIF rec, Linaceae); Linum corymbulosum (1 GBIF rec, Linaceae); Linum viscosum (1 GBIF rec, Linaceae)	Callitris; Juniperus; Linum	
etoposide	36462	VJJPUSNTGOMMGY-MRVIYFEKSA-N	8	1	Glycyrrhiza glabra (3 GBIF rec, Fabaceae)	Glycyrrhiza; Linum	
colchicine	6167	IAKHMKGGTNLKSZ-INIZCTEOSA-N	44	7	Ginkgo biloba (3 GBIF rec, Ginkgoaceae); Colchicum autumnale (2 GBIF rec, Colchicaceae); Humulus lupulus (2 GBIF rec, Cannabaceae); Bulbocodium vernum (1 GBIF rec, Colchicaceae); Colchicum bivonae (1 GBIF rec, Colchicaceae); Colchicum montanum (1 GBIF rec, Colchicaceae); Colchicum neapolitanum (1 GBIF rec, Colchicaceae)	Colchicum; Gagea; Ginkgo; Humulus	
galantamine	9651	ASUTZQLVASHGKV-JDFRZJQESA-N	88	5	Narcissus tazetta (165 GBIF rec, Amaryllidaceae); Pancratium maritimum (54 GBIF rec, Amaryllidaceae); Pancratium trianthum (13 GBIF rec, Amaryllidaceae); Leucojum aestivum (2 GBIF rec, Amaryllidaceae); Narcissus pseudonarcissus (1 GBIF rec, Amaryllidaceae)	Agave; Leucojum; Narcissus; Pancratium; Zephyranthes	
artemisinin	68827	BLUAFEHZUWYNDE-NNWCWBAJSA-N	21	6	Artemisia herba-alba (135 GBIF rec, Asteraceae); Artemisia campestris (62 GBIF rec, Asteraceae); Artemisia absinthium (15 GBIF rec, Asteraceae); Artemisia annua (3 GBIF rec, Asteraceae); Artemisia verlotiorum (3 GBIF rec, Asteraceae); Artemisia abrotanum (1 GBIF rec, Asteraceae)	Artemisia	
digoxin	2724385	LTMHDMANZUZIPE-PUGKRICDSA-N	4	0		Digitalis	
homoharringtonine	285033	HYFHYPWGAURHIV-JFIAXGOJSA-N	2	1	Cephalotaxus harringtonia (1 GBIF rec, Cephalotaxaceae)	Cephalotaxus	
harringtonine	276389	HAVJATCHLFRDHY-KSZYUSJVSA-N	2	1	Cephalotaxus harringtonia (1 GBIF rec, Cephalotaxaceae)	Cephalotaxus	
triptolide	107985	DFBIRQPKNDILPW-CIVMWXNOSA-N	4	0			
ingenol mebutate	6918670	VDJHFHXMUKFKET-WDUFCVPESA-N	4	1	Euphorbia peplus (139 GBIF rec, Euphorbiaceae)	Euphorbia	
pilocarpine	5910	QCHFTSOMWOSFHM-WPRPVWTQSA-N	33	1	Festuca ovina (3 GBIF rec, Poaceae)	Artemisia; Callitris; Cinnamomum; Eucalyptus; Festuca; Melaleuca	
scopolamine	3000322	STECJAGHUSJQJN-USLFZFAMSA-N	14	3	Datura stramonium (61 GBIF rec, Solanaceae); Hyoscyamus niger (25 GBIF rec, Solanaceae); Brugmansia suaveolens (1 GBIF rec, Solanaceae)	Atropa; Brugmansia; Datura; Hyoscyamus	
hyoscyamine	154417	RKUNBYITZUJHSG-VFSICIBPSA-N	41	10	Hyoscyamus albus (104 GBIF rec, Solanaceae); Datura innoxia (71 GBIF rec, Solanaceae); Hyoscyamus muticus (62 GBIF rec, Solanaceae); Datura stramonium (61 GBIF rec, Solanaceae); Hyoscyamus niger (25 GBIF rec, Solanaceae); Datura metel (2 GBIF rec, Solanaceae); Brugmansia arborea (1 GBIF rec, Solanaceae); Brugmansia sanguinea (1 GBIF rec, Solanaceae); Datura discolor (1 GBIF rec, Solanaceae); Hyoscyamus aureus (1 GBIF rec, Solanaceae)	Atropa; Brugmansia; Datura; Hyoscyamus	
anisodamine	6918612	WTQYWNWRJNXDEG-RBZJEDDUSA-N	5	1	Hyoscyamus albus (104 GBIF rec, Solanaceae)	Hyoscyamus	
littorine	12311316	FNRXUEYLFZLOEZ-VFSICIBPSA-N	6	2	Hyoscyamus albus (104 GBIF rec, Solanaceae); Datura stramonium (61 GBIF rec, Solanaceae)	Atropa; Datura; Hyoscyamus	
emetine	10219	AUVVAXYIELKVAI-CKBKHPSWSA-N	35	1	Hedera helix (9 GBIF rec, Araliaceae)	Artemisia; Callitris; Cinnamomum; Eucalyptus; Hedera; Melaleuca	
physostigmine	5983	PIJVFDBKTWXHHD-HIFRSBDPSA-N	5	0			
huperzine A	854026	ZRJBHWIHUMBLCN-YQEJDHNASA-N	7	1	Citrullus colocynthis (94 GBIF rec, Cucurbitaceae)	Citrullus	
quinine	3034034	LOUPRKONTZGTKE-WZBLMQSHSA-N	9	1	Festuca ovina (3 GBIF rec, Poaceae)	Festuca	
reserpine	5770	QEVHRUUCFGRFIF-MDEJGZGSSA-N	16	2	Catharanthus roseus (8 GBIF rec, Apocynaceae); Vinca minor (1 GBIF rec, Apocynaceae)	Catharanthus; Citharexylum; Vinca	
sanguinarine	5154	INVGWHRKADIJHF-UHFFFAOYSA-N	62	11	Fumaria capreolata (136 GBIF rec, Papaveraceae); Glaucium flavum (118 GBIF rec, Papaveraceae); Fumaria parviflora (67 GBIF rec, Papaveraceae); Papaver setigerum (23 GBIF rec, Papaveraceae); Hypecoum procumbens (22 GBIF rec, Papaveraceae); Papaver somniferum (18 GBIF rec, Papaveraceae); Glaucium corniculatum (6 GBIF rec, Papaveraceae); Morus alba (6 GBIF rec, Moraceae); Eschscholzia californica (2 GBIF rec, Papaveraceae); Chelidonium majus (1 GBIF rec, Papaveraceae); Hypecoum leptocarpum (1 GBIF rec, Papaveraceae)	Chelidonium; Corydalis; Eschscholzia; Fumaria; Glaucium; Hypecoum; Morus; Papaver; Syzygium	
tubocurarine	6000	JFJZZMVDLULRGK-URLMMPGGSA-O	0	0			
noscapine	275196	AKNNEGZIBPJZJG-MSOLQXFVSA-N	14	3	Papaver rhoeas (172 GBIF rec, Papaveraceae); Papaver setigerum (23 GBIF rec, Papaveraceae); Papaver somniferum (18 GBIF rec, Papaveraceae)	Corydalis; Papaver; Roemeria	
withaferin A	265237	DBRXOUCRJQVYJQ-CKNDUULBSA-N	8	1	Withania somnifera (93 GBIF rec, Solanaceae)	Iochroma; Physalis; Withania	
celastrol	122724	KQJSQWZMSAGSHN-JJWQIEBTSA-N	30	1	Catha edulis (3 GBIF rec, Celastraceae)	Catha; Maytenus; Trichosanthes	
forskolin	47936	OHCQJHSOBUTRHG-KGGHGJDLSA-N	2	0			
ginkgolide B	11973122	SQOJOAFXDQDRGF-ZMVGXLHTSA-N	0	0			
cytisine	10235	ANJTVLIZGCUXLD-DTWKUNHWSA-N	102	13	Retama raetam (258 GBIF rec, Fabaceae); Anagyris foetida (132 GBIF rec, Fabaceae); Retama sphaerocarpa (80 GBIF rec, Fabaceae); Spartium junceum (80 GBIF rec, Fabaceae); Lupinus luteus (60 GBIF rec, Fabaceae); Genista monspessulana (56 GBIF rec, Fabaceae); Ulex parviflorus (47 GBIF rec, Fabaceae); Osyris alba (46 GBIF rec, Santalaceae); Retama monosperma (28 GBIF rec, Fabaceae); Styphnolobium japonicum (4 GBIF rec, Fabaceae); Genista cinerea (1 GBIF rec, Fabaceae); Lupinus odoratus (1 GBIF rec, Fabaceae); Sophora koreensis (1 GBIF rec, Fabaceae)	Anagyris; Anarthrophyllum; Chamaecytisus; Cuscuta; Genista; Lupinus; Osyris; Retama; Sophora; Spartium; Styphnolobium; Ulex; Viscum	
sparteine	644020	SLRCCWJSBJZJBV-ZQDZILKHSA-N	160	18	Retama raetam (258 GBIF rec, Fabaceae); Anagyris foetida (132 GBIF rec, Fabaceae); Lupinus angustifolius (100 GBIF rec, Fabaceae); Retama sphaerocarpa (80 GBIF rec, Fabaceae); Spartium junceum (80 GBIF rec, Fabaceae); Calobota saharae (73 GBIF rec, Fabaceae); Lupinus luteus (60 GBIF rec, Fabaceae); Lupinus albus (45 GBIF rec, Fabaceae); Retama monosperma (28 GBIF rec, Fabaceae); Lupinus pilosus (20 GBIF rec, Fabaceae); Lupinus tassilicus (7 GBIF rec, Fabaceae); Genista lydia (5 GBIF rec, Fabaceae); Genista tinctoria (2 GBIF rec, Fabaceae); Lupinus digitatus (2 GBIF rec, Fabaceae); Argyrolobium lotoides (1 GBIF rec, Fabaceae)	Adenocarpus; Anabasis; Anagyris; Anarthrophyllum; Argyrolobium; Aspalathus; Calobota; Chamaecytisus; Chelidonium; Cuscuta; Cytisophyllum; Cytisus; Genista; Lupinus; Oxytropis; Prunus; Retama; Sophora; Spartium	
lobeline	101616	MXYUKLILVYORSK-HBMCJLEFSA-N	6	0		Lobelia	
parthenolide	6473881	KTEXNACQROZXEV-SLXBATTESA-N	13	2	Tanacetum parthenium (3 GBIF rec, Asteraceae); Magnolia grandiflora (2 GBIF rec, Magnoliaceae)	Arctotis; Magnolia; Tanacetum	
shikonin	479503	NEZONWMXZKDMKF-SNVBAGLBSA-N	9	3	Echium plantagineum (356 GBIF rec, Boraginaceae); Arnebia decumbens (41 GBIF rec, Boraginaceae); Arnebia hispidissima (1 GBIF rec, Boraginaceae)	Arnebia; Echium; Lithospermum; Onosma	
alkannin	72521	NEZONWMXZKDMKF-JTQLQIEISA-N	6	3	Alkanna tinctoria (45 GBIF rec, Boraginaceae); Arnebia decumbens (41 GBIF rec, Boraginaceae); Arnebia hispidissima (1 GBIF rec, Boraginaceae)	Alkanna; Arnebia; Lithospermum	
hypericin	3663	YDOIFHVUBCIUHF-UHFFFAOYSA-N	39	9	Hypericum tomentosum (48 GBIF rec, Hypericaceae); Hypericum perfoliatum (47 GBIF rec, Hypericaceae); Hypericum perforatum (27 GBIF rec, Hypericaceae); Hypericum montanum (7 GBIF rec, Hypericaceae); Hypericum elodes (6 GBIF rec, Hypericaceae); Hypericum tetrapterum (6 GBIF rec, Hypericaceae); Hypericum humifusum (4 GBIF rec, Hypericaceae); Fagopyrum esculentum (1 GBIF rec, Polygonaceae); Hypericum triquetrifolium (1 GBIF rec, Hypericaceae)	Fagopyrum; Hypericum; Rumex	
berberine	2353	YBHILYKTIRIUTE-UHFFFAOYSA-N	249	12	Papaver rhoeas (172 GBIF rec, Papaveraceae); Papaver dubium (81 GBIF rec, Papaveraceae); Papaver somniferum (18 GBIF rec, Papaveraceae); Papaver pinnatifidum (17 GBIF rec, Papaveraceae); Thalictrum minus (4 GBIF rec, Ranunculaceae); Festuca ovina (3 GBIF rec, Poaceae); Thalictrum flavum (3 GBIF rec, Ranunculaceae); Berberis aetnensis (2 GBIF rec, Berberidaceae); Berberis vulgaris (2 GBIF rec, Berberidaceae); Eschscholzia californica (2 GBIF rec, Papaveraceae); Thalictrum lucidum (2 GBIF rec, Ranunculaceae); Chelidonium majus (1 GBIF rec, Papaveraceae)	Annona; Aquilegia; Artemisia; Berberis; Callitris; Chelidonium; Cinnamomum; Corydalis; Eschscholzia; Eucalyptus; Festuca; Glaucium; Melaleuca; Papaver; Thalictrum	
maytansine	5281828	WKPWGQKGSOKKOO-RSFHAFMBSA-N	6	0		Gymnosporia; Maytenus	
ouabain	439501	LPMXVESGRSUGHW-HBYQJFLCSA-N	3	0		Acokanthera	
calotropin	16142	OWPWFVVPBYFKBG-NYVHBPEFSA-N	8	3	Calotropis procera (182 GBIF rec, Apocynaceae); Thymus vulgaris (4 GBIF rec, Lamiaceae); Calotropis gigantea (1 GBIF rec, Apocynaceae)	Calotropis; Gomphocarpus; Thymus	
cucurbitacin E	5281319	NDYMQXYDSVBNLL-MUYMLXPFSA-N	21	7	Ecballium elaterium (299 GBIF rec, Cucurbitaceae); Citrullus colocynthis (94 GBIF rec, Cucurbitaceae); Citrullus lanatus (51 GBIF rec, Cucurbitaceae); Bryonia dioica (38 GBIF rec, Cucurbitaceae); Bryonia cretica (28 GBIF rec, Cucurbitaceae); Cucumis sativus (5 GBIF rec, Cucurbitaceae); Iberis amara (4 GBIF rec, Brassicaceae)	Bryonia; Citrullus; Cucumis; Cucurbita; Ecballium; Iberis; Luffa	
cucurbitacin I	5281321	NISPVUDLMHQFRQ-MKIKIEMVSA-N	19	6	Ecballium elaterium (299 GBIF rec, Cucurbitaceae); Citrullus colocynthis (94 GBIF rec, Cucurbitaceae); Bryonia dioica (38 GBIF rec, Cucurbitaceae); Bryonia cretica (28 GBIF rec, Cucurbitaceae); Cucumis sativus (5 GBIF rec, Cucurbitaceae); Iberis amara (4 GBIF rec, Brassicaceae)	Bryonia; Citrullus; Cucumis; Cucurbita; Ecballium; Iberis; Trichosanthes	
rotenone	6758	JUVIOZPCNVVQFO-HBGVWJBISA-N	43	4	Arabidopsis thaliana (40 GBIF rec, Brassicaceae); Tephrosia purpurea (8 GBIF rec, Fabaceae); Amorpha fruticosa (1 GBIF rec, Fabaceae); Valeriana officinalis (1 GBIF rec, Caprifoliaceae)	Amorpha; Arabidopsis; Piscidia; Tephrosia; Valeriana	
deguelin	107935	ORDAZKGHSNRHTD-UXHICEINSA-N	25	1	Amorpha fruticosa (1 GBIF rec, Fabaceae)	Amorpha; Piscidia; Tephrosia	
silibinin	31553	SEBFKMXJBCUCAI-HKTJVKLFSA-N	7	3	Silybum marianum (135 GBIF rec, Asteraceae); Silybum eburneum (76 GBIF rec, Asteraceae); Anastatica hierochuntica (71 GBIF rec, Brassicaceae)	Anastatica; Silybum	
psoralen	6199	ZCCUUQDIBDJBTK-UHFFFAOYSA-N	122	17	Ficus carica (396 GBIF rec, Moraceae); Daucus carota (310 GBIF rec, Apiaceae); Coronilla scorpioides (130 GBIF rec, Fabaceae); Bituminaria bituminosa (129 GBIF rec, Fabaceae); Foeniculum vulgare (79 GBIF rec, Apiaceae); Ruta chalepensis (62 GBIF rec, Rutaceae); Ammi majus (57 GBIF rec, Apiaceae); Ferulago lutea (54 GBIF rec, Apiaceae); Cullen plicatum (25 GBIF rec, Fabaceae); Apium graveolens (16 GBIF rec, Apiaceae); Petroselinum crispum (9 GBIF rec, Apiaceae); Citrus medica (5 GBIF rec, Rutaceae); Coronilla glauca (5 GBIF rec, Fabaceae); Prionosciadium thapsoides (5 GBIF rec, Apiaceae); Ruta graveolens (4 GBIF rec, Rutaceae)	Ammi; Apium; Bituminaria; Citrus; Coronilla; Cullen; Daucus; Ferulago; Ficus; Foeniculum; Haplophyllum; Heracleum; Levisticum; Petroselinum; Peucedanum; Prangos; Prionosciadium; Psoralea; Ruta; Seseli	
xanthotoxin	4114	QXKHYNVANLEOEG-UHFFFAOYSA-N	128	24	Vicia sativa (489 GBIF rec, Fabaceae); Daucus carota (310 GBIF rec, Apiaceae); Zea mays (176 GBIF rec, Poaceae); Bituminaria bituminosa (129 GBIF rec, Fabaceae); Foeniculum vulgare (79 GBIF rec, Apiaceae); Magydaris pastinacea (67 GBIF rec, Apiaceae); Coriandrum sativum (64 GBIF rec, Apiaceae); Ruta chalepensis (62 GBIF rec, Rutaceae); Ruta montana (59 GBIF rec, Rutaceae); Ammi majus (57 GBIF rec, Apiaceae); Ferulago lutea (54 GBIF rec, Apiaceae); Arabidopsis thaliana (40 GBIF rec, Brassicaceae); Cachrys sicula (36 GBIF rec, Apiaceae); Apium graveolens (16 GBIF rec, Apiaceae); Heracleum sphondylium (12 GBIF rec, Apiaceae)	Ammi; Anethum; Anthriscus; Apium; Arabidopsis; Bituminaria; Cachrys; Carum; Clausena; Coriandrum; Cullen; Cuminum; Daucus; Deverra; Ferula; Ferulago; Foeniculum; Heracleum; Levisticum; Magydaris; Petroselinum; Peucedanum; Pimpinella; Prangos; Ruta; Seseli; Sideritis; Tordylium; Vicia; Zea	
bergapten	2355	BGEBZHIAGXMEMV-UHFFFAOYSA-N	200	29	Vicia sativa (489 GBIF rec, Fabaceae); Ficus carica (396 GBIF rec, Moraceae); Daucus carota (310 GBIF rec, Apiaceae); Bituminaria bituminosa (129 GBIF rec, Fabaceae); Portulaca oleracea (92 GBIF rec, Portulacaceae); Foeniculum vulgare (79 GBIF rec, Apiaceae); Euphorbia bivonae (72 GBIF rec, Euphorbiaceae); Magydaris pastinacea (67 GBIF rec, Apiaceae); Coriandrum sativum (64 GBIF rec, Apiaceae); Ruta chalepensis (62 GBIF rec, Rutaceae); Ruta montana (59 GBIF rec, Rutaceae); Ammi majus (57 GBIF rec, Apiaceae); Ferulago lutea (54 GBIF rec, Apiaceae); Balanites aegyptiaca (50 GBIF rec, Zygophyllaceae); Cachrys sicula (36 GBIF rec, Apiaceae)	Ammi; Anethum; Anthriscus; Apium; Astragalus; Balanites; Bituminaria; Cachrys; Carum; Citrus; Clausena; Coriandrum; Cullen; Daucus; Deverra; Euphorbia; Ferulago; Ficus; Foeniculum; Heracleum; Levisticum; Ligusticum; Maclura; Magydaris; Petroselinum; Peucedanum; Pimpinella; Portulaca; Prangos; Prionosciadium; Ruta; Scabiosa; Seseli; Tordylium; Vicia	
khellin	3828	HSMPDPBYAYSOBC-UHFFFAOYSA-N	9	0		Allium; Ammi; Annona; Dioscorea; Pimpinella	
visnagin	6716	NZVQLVGOZRELTG-UHFFFAOYSA-N	5	0		Ammi; Pimpinella	
peganine	442929	YIICVSCAKJMMDJ-SNVBAGLBSA-N	12	4	Peganum harmala (161 GBIF rec, Tetradiclidaceae); Galega officinalis (3 GBIF rec, Fabaceae); Justicia adhatoda (1 GBIF rec, Acanthaceae); Linaria vulgaris (1 GBIF rec, Plantaginaceae)	Galega; Justicia; Linaria; Nitraria; Peganum; Sida	
harmine	5280953	BXNJHAXVSOCGBA-UHFFFAOYSA-N	54	3	Peganum harmala (161 GBIF rec, Tetradiclidaceae); Erigeron canadensis (6 GBIF rec, Asteraceae); Festuca ovina (3 GBIF rec, Poaceae)	Carex; Erigeron; Festuca; Grewia; Oxalis; Oxytropis; Passiflora; Peganum; Thalictrum	
solasodine	442985	KWVISVAMQJWJSZ-VKROHFNGSA-N	49	14	Solanum nigrum (172 GBIF rec, Solanaceae); Solanum villosum (72 GBIF rec, Solanaceae); Solanum linnaeanum (55 GBIF rec, Solanaceae); Solanum elaeagnifolium (41 GBIF rec, Solanaceae); Solanum dulcamara (31 GBIF rec, Solanaceae); Solanum bonariense (23 GBIF rec, Solanaceae); Solanum anguivi (18 GBIF rec, Solanaceae); Solanum melongena (5 GBIF rec, Solanaceae); Solanum aethiopicum (2 GBIF rec, Solanaceae); Solanum laxum (2 GBIF rec, Solanaceae); Solanum aculeastrum (1 GBIF rec, Solanaceae); Solanum laciniatum (1 GBIF rec, Solanaceae); Solanum mauritianum (1 GBIF rec, Solanaceae); Solanum robustum (1 GBIF rec, Solanaceae)	Fritillaria; Solanum	
diosgenin	99474	WQLVFSAGQJTQCK-VKROHFNGSA-N	100	17	Tribulus terrestris (66 GBIF rec, Zygophyllaceae); Trigonella foenum-graecum (37 GBIF rec, Fabaceae); Allium ampeloprasum (32 GBIF rec, Amaryllidaceae); Medicago polyceratia (31 GBIF rec, Fabaceae); Solanum anguivi (18 GBIF rec, Solanaceae); Solanum melongena (5 GBIF rec, Solanaceae); Allium rotundum (3 GBIF rec, Amaryllidaceae); Asparagus officinalis (2 GBIF rec, Asparagaceae); Solanum aethiopicum (2 GBIF rec, Solanaceae); Solanum glaucophyllum (2 GBIF rec, Solanaceae); Solanum laxum (2 GBIF rec, Solanaceae); Trigonella corniculata (2 GBIF rec, Fabaceae); Allium angulosum (1 GBIF rec, Amaryllidaceae); Solanum chrysotrichum (1 GBIF rec, Solanaceae); Solanum incanum (1 GBIF rec, Solanaceae)	Allium; Anemone; Asparagus; Dioscorea; Medicago; Polygonatum; Smilax; Solanum; Tribulus; Trigonella; Urochloa; Veronica	
hecogenin	91453	QOLRLLFJMZLYQJ-LOBDNJQFSA-N	19	8	Agave americana (96 GBIF rec, Asparagaceae); Tribulus terrestris (66 GBIF rec, Zygophyllaceae); Allium rotundum (3 GBIF rec, Amaryllidaceae); Agave sisalana (1 GBIF rec, Asparagaceae); Chlorophytum comosum (1 GBIF rec, Asparagaceae); Solanum chrysotrichum (1 GBIF rec, Solanaceae); Yucca aloifolia (1 GBIF rec, Asparagaceae); Yucca gloriosa (1 GBIF rec, Asparagaceae)	Acer; Agave; Allium; Chlorophytum; Persicaria; Solanum; Tribulus; Yucca	
glycyrrhizin	14982	LPLVUJXQOOQHMX-QWBHMCJMSA-N	10	2	Glycyrrhiza echinata (3 GBIF rec, Fabaceae); Glycyrrhiza glabra (3 GBIF rec, Fabaceae)	Glycyrrhiza	
mogroside V	24721270	GHBNZZJYBXQAHG-KUVSNLSMSA-N	2	0			
rebaudioside A	6918840	HELXLJCILKEWJH-NCGAPWICSA-N	1	0			
crocin	5281233	SEBIKDIMAPSUBY-RTJKDTQDSA-N	9	0		Buddleja; Crocus	
safranal	61041	SGAWOGXMMPSZPB-UHFFFAOYSA-N	23	8	Cistus creticus (159 GBIF rec, Cistaceae); Festuca rubra (25 GBIF rec, Poaceae); Nicotiana tabacum (25 GBIF rec, Solanaceae); Helianthus annuus (18 GBIF rec, Asteraceae); Cannabis sativa (14 GBIF rec, Cannabaceae); Ceratophyllum demersum (14 GBIF rec, Ceratophyllaceae); Catharanthus roseus (8 GBIF rec, Apocynaceae); Aspalathus linearis (1 GBIF rec, Fabaceae)	Artemisia; Aspalathus; Baccharis; Cannabis; Catharanthus; Centaurea; Ceratophyllum; Cistus; Crocus; Eryngium; Festuca; Helianthus; Nicotiana	
picrocrocin	130796	WMHJCSAICLADIN-WYWSWGBSSA-N	5	0		Crocus	
bruceantin	5281304	IRQXZTBHNKVIRL-GOTQHHPNSA-N	2	0			
betulinic acid	64971	QGJZLNKBHJESQX-FZFNOLFKSA-N	450	33	Olea europaea (539 GBIF rec, Oleaceae); Nerium oleander (436 GBIF rec, Apocynaceae); Vitis vinifera (232 GBIF rec, Vitaceae); Quercus suber (218 GBIF rec, Fagaceae); Arbutus unedo (135 GBIF rec, Ericaceae); Salvia officinalis (80 GBIF rec, Lamiaceae); Fagonia indica (69 GBIF rec, Zygophyllaceae); Cichorium intybus (52 GBIF rec, Asteraceae); Ziziphus jujuba (40 GBIF rec, Rhamnaceae); Gladiolus italicus (37 GBIF rec, Iridaceae); Melilotus siculus (22 GBIF rec, Fabaceae); Prunella vulgaris (21 GBIF rec, Lamiaceae); Prunus avium (20 GBIF rec, Rosaceae); Juglans regia (18 GBIF rec, Juglandaceae); Lantana camara (13 GBIF rec, Verbenaceae)	Albizia; Alnus; Anemone; Arbutus; Astragalus; Berberis; Betula; Boehmeria; Buxus; Chaenomeles; Cichorium; Clerodendrum; Clinopodium; Crotalaria; Cuphea; Datura; Diospyros; Echinops; Eleocharis; Equisetum; Eucalyptus; Eugenia; Euphorbia; Fagonia; Ficus; Gladiolus; Glycyrrhiza; Heptapleurum; Hypericum; Ilex; Iris; Jasminum; Juglans; Lantana; Lavandula; Lycopus; Maclura; Maytenus; Melaleuca; Melilotus; Mimosa; Morus; Nelumbo; Nerium; Ocimum; Oedera; Olea; Origanum; Paeonia; Paliurus; Peganum; Phyla; Phyllanthus; Polygonum; Prunella; Prunus; Pyrus; Quercus; Rhaphiolepis; Rosa; Salvia; Sanguisorba; Sarcandra; Senegalia; Senna; Solanum; Sonchus; Syzygium; Tephrosia; Terminalia; Ulmus; Vachellia; Valeriana; Viburnum; Viscum; Vitex; Vitis; Ziziphus	
ursolic acid	64945	WCGUUGGRBIKTOS-GPOJBZKASA-N	785	96	Olea europaea (539 GBIF rec, Oleaceae); Nerium oleander (436 GBIF rec, Apocynaceae); Lavandula multifida (181 GBIF rec, Lamiaceae); Salvia verbenaca (151 GBIF rec, Lamiaceae); Rubus ulmifolius (129 GBIF rec, Rosaceae); Punica granatum (126 GBIF rec, Lythraceae); Myrtus communis (122 GBIF rec, Myrtaceae); Capparis spinosa (111 GBIF rec, Capparaceae); Phillyrea latifolia (106 GBIF rec, Oleaceae); Salvia argentea (103 GBIF rec, Lamiaceae); Salvia officinalis (80 GBIF rec, Lamiaceae); Origanum vulgare (79 GBIF rec, Lamiaceae); Teucrium fruticans (78 GBIF rec, Lamiaceae); Plocama calabrica (75 GBIF rec, Rubiaceae); Crataegus monogyna (74 GBIF rec, Rosaceae)	Acanthus; Acer; Agrimonia; Ajuga; Alchemilla; Alhagi; Anredera; Aria; Artemisia; Atriplex; Baccharis; Betula; Boehmeria; Buddleja; Callistemon; Calluna; Campanula; Campsis; Capparis; Catharanthus; Celtis; Centella; Chaenomeles; Chenopodium; Cleome; Clerodendrum; Clinopodium; Coleus; Coriaria; Cotoneaster; Crataegus; Crepis; Croton; Cuphea; Cydonia; Cynara; Cynomorium; Daphne; Diospyros; Dipsacus; Dryopteris; Duranta; Eclipta; Epilobium; Equisetum; Erica; Erythrina; Eucalyptus; Euphorbia; Fagonia; Ficus; Gentiana; Geum; Gladiolus; Glycyrrhiza; Haloxylon; Hedysarum; Hyssopus; Ilex; Inula; Isatis; Jacaranda; Jasminum; Juglans; Justicia; Knautia; Lagerstroemia; Lantana; Lavandula; Ligustrum; Lonicera; Lotus; Ludwigia; Lycopus; Lythrum; Malus; Melaleuca; Melia; Mentha; Micromeria; Mirabilis; Morella; Morus; Myrtus; Nepeta; Nerium; Ocimum; Oldenlandia; Olea; Origanum; Oryza; Osyris; Pentanema; Periploca; Petasites; Phillyrea; Phlomoides; Photinia; Picris; Pimpinella; Plantago; Plocama; Potentilla; Prosopis; Prunella; Prunus; Psidium; Punica; Quercus; Rosa; Rubia; Rubus; Salvia; Sambucus; Sarcopoterium; Satureja; Saussurea; Scutellaria; Sideritis; Solanum; Solidago; Sonchus; Spermacoce; Stachys; Styrax; Suaeda; Symphyotrichum; Syzygium; Tamarix; Taraxacum; Tecoma; Tephrosia; Terminalia; Teucrium; Thymus; Urtica; Valeriana; Verbena; Viburnum; Vincetoxicum; Viscum; Vitex; Ziziphora; Ziziphus	
salvinorin A	128563	OBSYBRPAKCASQB-AGQYDFLVSA-N	1	0		Salvia	yes
yohimbine	8969	BLGXFZZNTVWLAY-SCYLSFHTSA-N	56	1	Catharanthus roseus (8 GBIF rec, Apocynaceae)	Artemisia; Callitris; Catharanthus; Cinnamomum; Eucalyptus; Melaleuca	
vinorelbine	5311497	GBABOYUKABKIAF-IELIFDKJSA-N	0	0			
anisodine	11616712	JEJREKXHLFEVHN-QDXGGTILSA-N	1	0			
cocaine	446220	ZPUCINDJVBIVPJ-LJISPDSOSA-N	10	0			yes
ephedrine	9294	KWGRBVOPPLSCSI-WPRPVWTQSA-N	25	6	Ephedra fragilis (106 GBIF rec, Ephedraceae); Ephedra alata (97 GBIF rec, Ephedraceae); Ephedra foeminea (27 GBIF rec, Ephedraceae); Ephedra major (9 GBIF rec, Ephedraceae); Festuca ovina (3 GBIF rec, Poaceae); Ephedra distachya (2 GBIF rec, Ephedraceae)	Ephedra; Festuca; Thymus	yes
morphine	5288826	BQJCRHHNABKAKU-KBQPJGBKSA-N	13	3	Papaver rhoeas (172 GBIF rec, Papaveraceae); Papaver setigerum (23 GBIF rec, Papaveraceae); Papaver somniferum (18 GBIF rec, Papaveraceae)	Papaver; Physalis	yes
codeine	5284371	OROGSEYTTFOCAN-DNJOTXNNSA-N	10	2	Papaver setigerum (23 GBIF rec, Papaveraceae); Papaver somniferum (18 GBIF rec, Papaveraceae)	Papaver	yes
thebaine	5324289	FQXXSQDCDRQNQE-VMDGZTHMSA-N	16	3	Papaver setigerum (23 GBIF rec, Papaveraceae); Papaver somniferum (18 GBIF rec, Papaveraceae); Papaver pinnatifidum (17 GBIF rec, Papaveraceae)	Berberis; Papaver	yes
papaverine	4680	XQYZDYMELSJDRZ-UHFFFAOYSA-N	38	3	Papaver rhoeas (172 GBIF rec, Papaveraceae); Papaver setigerum (23 GBIF rec, Papaveraceae); Papaver somniferum (18 GBIF rec, Papaveraceae)	Artemisia; Berberis; Callitris; Cinnamomum; Eucalyptus; Melaleuca; Papaver	
capsaicin	1548943	YKPUWZUDDOIDPM-SOFGYWHQSA-N	3	1	Capsicum annuum (11 GBIF rec, Solanaceae)	Capsicum	
cannabidiol	644019	QHMBSVQNZZTUGM-ZWKOTPCHSA-N	1	1	Cannabis sativa (14 GBIF rec, Cannabaceae)	Cannabis	
tetrahydrocannabinol	16078	CYQFCXCEBYINGO-IAGOWNOFSA-N	1	1	Cannabis sativa (14 GBIF rec, Cannabaceae)	Cannabis	yes
conessine	441082	GPLGAQQQNWMVMM-MYAJQUOBSA-N	31	0		Artemisia; Callitris; Cinnamomum; Eucalyptus; Melaleuca	
usnic acid	5646	CUCUKLJLRRAKFN-UHFFFAOYSA-N	43	0			
sclareol	163263	XVULBTBTFGYVRC-HHUCQEJWSA-N	19	4	Cistus creticus (159 GBIF rec, Cistaceae); Vitex agnus-castus (49 GBIF rec, Lamiaceae); Nicotiana tabacum (25 GBIF rec, Solanaceae); Salvia sclarea (4 GBIF rec, Lamiaceae)	Acacia; Astragalus; Cistus; Nicotiana; Sagittaria; Salvia; Vitex	
nootkatone	1268142	WTOYNNBCKUYIKC-JMSVASOKSA-N	25	9	Cyperus rotundus (66 GBIF rec, Cyperaceae); Teucrium pseudoscorodonia (61 GBIF rec, Lamiaceae); Juniperus communis (43 GBIF rec, Cupressaceae); Dianthus caryophyllus (36 GBIF rec, Caryophyllaceae); Mandragora officinarum (22 GBIF rec, Solanaceae); Teucrium scorodonia (6 GBIF rec, Lamiaceae); Teucrium siculum (4 GBIF rec, Lamiaceae); Citrus maxima (2 GBIF rec, Rutaceae); Citrus reticulata (2 GBIF rec, Rutaceae)	Citrus; Clausena; Cyperus; Dianthus; Juniperus; Mandragora; Saussurea; Teucrium; Verbena	
cis-jasmone	1549018	XMLSXPIVAXONDL-PLNGDYQASA-N	37	13	Triticum aestivum (1562 GBIF rec, Poaceae); Artemisia herba-alba (135 GBIF rec, Asteraceae); Artemisia judaica (56 GBIF rec, Asteraceae); Hypericum perforatum (27 GBIF rec, Hypericaceae); Pulicaria arabica (26 GBIF rec, Asteraceae); Nicotiana tabacum (25 GBIF rec, Solanaceae); Lonicera japonica (22 GBIF rec, Caprifoliaceae); Mentha aquatica (18 GBIF rec, Lamiaceae); Achillea millefolium (5 GBIF rec, Asteraceae); Artemisia annua (3 GBIF rec, Asteraceae); Achillea crithmifolia (2 GBIF rec, Asteraceae); Citrus reticulata (2 GBIF rec, Rutaceae); Echinophora tenuifolia (1 GBIF rec, Apiaceae)	Achillea; Artemisia; Citrus; Clinopodium; Echinophora; Hypericum; Jasminum; Lonicera; Mentha; Monarda; Nelumbo; Nicotiana; Paeonia; Pulicaria; Salvia; Tagetes; Triticum; Vachellia	
methyl jasmonate	5281929	GEWDNTWNSAZUDX-WQMVXFAESA-N	18	11	Brassica rapa (114 GBIF rec, Brassicaceae); Arabidopsis thaliana (40 GBIF rec, Brassicaceae); Solanum lycopersicum (31 GBIF rec, Solanaceae); Nicotiana tabacum (25 GBIF rec, Solanaceae); Lonicera japonica (22 GBIF rec, Caprifoliaceae); Prunus avium (20 GBIF rec, Rosaceae); Artemisia absinthium (15 GBIF rec, Asteraceae); Ocimum basilicum (12 GBIF rec, Lamiaceae); Catharanthus roseus (8 GBIF rec, Apocynaceae); Solanum tuberosum (3 GBIF rec, Solanaceae); Valeriana officinalis (1 GBIF rec, Caprifoliaceae)	Arabidopsis; Artemisia; Brassica; Catharanthus; Ficus; Lonicera; Musa; Nicotiana; Ocimum; Persicaria; Prunus; Solanum; Valeriana	
rosmarinic acid	5281792	DOUMFZQKYFQNTF-WUTVXBCWSA-N	159	36	Plantago lagopus (188 GBIF rec, Plantaginaceae); Salvia verbenaca (151 GBIF rec, Lamiaceae); Punica granatum (126 GBIF rec, Lythraceae); Salvia argentea (103 GBIF rec, Lamiaceae); Salvia officinalis (80 GBIF rec, Lamiaceae); Foeniculum vulgare (79 GBIF rec, Apiaceae); Origanum vulgare (79 GBIF rec, Lamiaceae); Melissa officinalis (75 GBIF rec, Lamiaceae); Crataegus monogyna (74 GBIF rec, Rosaceae); Coriandrum sativum (64 GBIF rec, Apiaceae); Mentha suaveolens (57 GBIF rec, Lamiaceae); Phaseolus vulgaris (42 GBIF rec, Fabaceae); Arabidopsis thaliana (40 GBIF rec, Brassicaceae); Prunella vulgaris (21 GBIF rec, Lamiaceae); Thymus serpyllum (18 GBIF rec, Lamiaceae)	Ajuga; Anchusa; Arabidopsis; Carum; Cinnamomum; Clinopodium; Coleus; Coriandrum; Crataegus; Cuminum; Ehretia; Foeniculum; Hedera; Heliotropium; Hyssopus; Lavandula; Lindelofia; Lithospermum; Lycopus; Melissa; Mentha; Monarda; Nepeta; Nigella; Ocimum; Origanum; Phaseolus; Pimpinella; Piper; Plantago; Prunella; Psidium; Punica; Salvia; Sanicula; Satureja; Scrophularia; Syzygium; Thymus	
carnosic acid	65126	QRYRORQUOLYVBU-VBKZILBWSA-N	33	3	Salvia officinalis (80 GBIF rec, Lamiaceae); Origanum vulgare (79 GBIF rec, Lamiaceae); Thymbra capitata (16 GBIF rec, Lamiaceae)	Carum; Cinnamomum; Cuminum; Ocimum; Origanum; Piper; Salvia; Syzygium; Thymbra; Thymus	
verbascoside	5281800	FBSKJMQYURKNSU-ZLSOWSIRSA-N	339	62	Olea europaea (539 GBIF rec, Oleaceae); Marrubium vulgare (290 GBIF rec, Lamiaceae); Plantago lagopus (188 GBIF rec, Plantaginaceae); Teucrium polium (141 GBIF rec, Lamiaceae); Globularia alypum (129 GBIF rec, Plantaginaceae); Plantago serraria (115 GBIF rec, Plantaginaceae); Plantago coronopus (113 GBIF rec, Plantaginaceae); Phillyrea latifolia (106 GBIF rec, Oleaceae); Phlomis crinita (99 GBIF rec, Lamiaceae); Marrubium alysson (83 GBIF rec, Lamiaceae); Plantago afra (83 GBIF rec, Plantaginaceae); Orobanche variegata (68 GBIF rec, Orobanchaceae); Phlomis herba-venti (61 GBIF rec, Lamiaceae); Plantago ovata (47 GBIF rec, Plantaginaceae); Verbena officinalis (43 GBIF rec, Verbenaceae)	Acanthus; Ajuga; Antirrhinum; Ballota; Bartsia; Betonica; Buddleja; Callitriche; Campsis; Carex; Cistanche; Clerodendrum; Digitalis; Duranta; Fraxinus; Globularia; Halleria; Jacaranda; Jasminum; Lamium; Lantana; Leonotis; Leonurus; Ligustrum; Lupinus; Lycopus; Magnolia; Marrubium; Nepeta; Olea; Orobanche; Paulownia; Pedicularis; Phillyrea; Phlomis; Phlomoides; Phyla; Plantago; Rogeria; Ruellia; Scrophularia; Scutellaria; Sesamum; Sideritis; Stachys; Tecoma; Teucrium; Verbascum; Verbena; Veronica; Volkameria	
echinacoside	5281771	FSBUXLDOLNLABB-ISAKITKMSA-N	27	4	Plantago maritima (10 GBIF rec, Plantaginaceae); Ligustrum vulgare (4 GBIF rec, Oleaceae); Jasminum mesnyi (3 GBIF rec, Oleaceae); Digitalis purpurea (2 GBIF rec, Plantaginaceae)	Buddleja; Cistanche; Digitalis; Jasminum; Ligustrum; Magnolia; Marrubium; Pedicularis; Phlomis; Plantago; Verbascum	
