name,chem_class,plant_part,evidence,source_key,cid,smiles,connectivity_smiles,inchikey,formula,mw_pubchem,resolved_via,smiles_source,structure_source,notes
oleanolic acid,triterpene aglycone,aerial parts,isolated,metwally2012;lotus,10494,C[C@]12CC[C@@H](C([C@@H]1CC[C@@]3([C@@H]2CC=C4[C@]3(CC[C@@]5([C@H]4CC(CC5)(C)C)C(=O)O)C)C)(C)C)O,CC1(CCC2(CCC3(C(=CCC4C3(CCC5C4(CCC(C5(C)C)O)C)C)C2C1)C)C(=O)O)C,MIJYXULNPSFWEK-GTOFXWBISA-N,C30H48O3,456.7,name,pubchem,,
oleanolic acid 3-O-beta-D-glucopyranoside,triterpene saponin (monodesmoside),aerial parts,isolated,metwally2012,165117,C[C@]12CC[C@@H](C(C1CC[C@@]3([C@@H]2CC=C4[C@]3(CC[C@@]5([C@@H]4CC(CC5)(C)C)C(=O)O)C)C)(C)C)O[C@H]6[C@@H]([C@H]([C@@H]([C@H](O6)CO)O)O)O,CC1(CCC2(CCC3(C(=CCC4C3(CCC5C4(CCC(C5(C)C)OC6C(C(C(C(O6)CO)O)O)O)C)C)C2C1)C)C(=O)O)C,ZNFRITHWVZXJRK-SZUUDGAKSA-N,C36H58O8,618.8,alias:oleanolic acid 3-O-glucoside,pubchem,,
3-O-beta-D-glucopyranosyl-28-O-beta-D-xylopyranosyl oleanolic acid,triterpene saponin (bidesmoside),aerial parts,isolated,metwally2012,,,,,,,delegated:01b:SAP-2,see_structure_source,01b:SAP-2,
daucosterol,sterol glycoside,aerial parts,isolated,metwally2012,5742590,CC[C@H](CC[C@@H](C)[C@H]1CC[C@@H]2[C@@]1(CC[C@H]3[C@H]2CC=C4[C@@]3(CC[C@@H](C4)O[C@H]5[C@@H]([C@H]([C@@H]([C@H](O5)CO)O)O)O)C)C)C(C)C,CCC(CCC(C)C1CCC2C1(CCC3C2CC=C4C3(CCC(C4)OC5C(C(C(C(O5)CO)O)O)O)C)C)C(C)C,NPJICTMALKLTFW-OFUAXYCQSA-N,C35H60O6,576.8,name,pubchem,,
stigmasterol 3-O-beta-D-glucoside,sterol glycoside,aerial parts,isolated,metwally2012,6602508,CC[C@H](/C=C/[C@@H](C)[C@H]1CC[C@@H]2[C@@]1(CC[C@H]3[C@H]2CC=C4[C@@]3(CC[C@@H](C4)O[C@H]5[C@@H]([C@H]([C@@H]([C@H](O5)CO)O)O)O)C)C)C(C)C,CCC(C=CC(C)C1CCC2C1(CCC3C2CC=C4C3(CCC(C4)OC5C(C(C(C(O5)CO)O)O)O)C)C)C(C)C,VWDLOXMZIGUBKM-AUGXRQBFSA-N,C35H58O6,574.8,name,pubchem,,
sitostanol 3-O-beta-D-glucoside,sterol glycoside,aerial parts,isolated,metwally2012,70699356,CC[C@H](CC[C@@H](C)[C@H]1CC[C@@H]2[C@@]1(CC[C@H]3[C@H]2CC[C@@H]4[C@@]3(CC[C@@H](C4)O[C@H]5[C@H](C([C@@H](C(O5)CO)O)O)O)C)C)C(C)C,CCC(CCC(C)C1CCC2C1(CCC3C2CCC4C3(CCC(C4)OC5C(C(C(C(O5)CO)O)O)O)C)C)C(C)C,YITHQYDRZAVJHB-ODNBDLJWSA-N,C35H62O6,578.9,alias:stigmastanol glucoside,pubchem,,
proceric acid,triterpene acid,aerial parts,isolated,metwally2012,,,,,,,UNRESOLVED,none,,structure UNVERIFIED: no PubChem/ChEBI entry found; reported only by name in metwally2012
beta-sitosterol,phytosterol,aerial parts,inferred_aglycone,metwally2012,222284,CC[C@H](CC[C@@H](C)[C@H]1CC[C@@H]2[C@@]1(CC[C@H]3[C@H]2CC=C4[C@@]3(CC[C@@H](C4)O)C)C)C(C)C,CCC(CCC(C)C1CCC2C1(CCC3C2CC=C4C3(CCC(C4)O)C)C)C(C)C,KZJWDPNRJALLNS-VJSFXXLFSA-N,C29H50O,414.7,name,pubchem,,
stigmasterol,phytosterol,aerial parts,inferred_aglycone,metwally2012,5280794,CC[C@H](/C=C/[C@@H](C)[C@H]1CC[C@@H]2[C@@]1(CC[C@H]3[C@H]2CC=C4[C@@]3(CC[C@@H](C4)O)C)C)C(C)C,CCC(C=CC(C)C1CCC2C1(CCC3C2CC=C4C3(CCC(C4)O)C)C)C(C)C,HCXVJBMSMIARIN-PHZDYDNGSA-N,C29H48O,412.7,name,pubchem,,
betaine,quaternary ammonium osmolyte,whole plant,reported,lotus,247,C[N+](C)(C)CC(=O)[O-],C[N+](C)(C)CC(=O)[O-],KWIUHFFTVRNATP-UHFFFAOYSA-N,C5H11NO2,117.15,name,pubchem,,LOTUS/Wikidata occurrence record; no quantification for this species
oxalic acid,organic acid (oxalate),stems,genus_family,doaigey1991,971,C(=O)(C(=O)O)O,C(=O)(C(=O)O)O,MUBZPKHOEPUJKR-UHFFFAOYSA-N,C2H2O4,90.03,name,pubchem,,doaigey1991 shows calcium-oxalate crystals histologically; no content (%) measured
gallic acid,phenolic acid,aerial parts,tentative_lcms,aljoufi2022;makhlouf2024,370,C1=C(C=C(C(=C1O)O)O)C(=O)O,C1=C(C=C(C(=C1O)O)O)C(=O)O,LNTHITQWFMADLM-UHFFFAOYSA-N,C7H6O5,170.12,name,pubchem,,
chlorogenic acid,hydroxycinnamate ester,aerial parts,tentative_hplc,aljoufi2022,1794427,C1[C@H]([C@H]([C@@H](C[C@@]1(C(=O)O)O)OC(=O)/C=C/C2=CC(=C(C=C2)O)O)O)O,C1C(C(C(CC1(C(=O)O)O)OC(=O)C=CC2=CC(=C(C=C2)O)O)O)O,CWVRJTMFETXNAD-JUHZACGLSA-N,C16H18O9,354.31,name,pubchem,,
"3,5-dicaffeoylquinic acid",hydroxycinnamate ester,aerial parts,tentative_hplc,aljoufi2022,6474310,C1C(C[C@H](C([C@@H]1OC(=O)/C=C/C2=CC(=C(C=C2)O)O)O)OC(=O)/C=C/C3=CC(=C(C=C3)O)O)(O)C(=O)O,C1C(C(C(CC1(C(=O)O)O)OC(=O)C=CC2=CC(=C(C=C2)O)O)O)OC(=O)C=CC3=CC(=C(C=C3)O)O,KRZBCHWVBQOTNZ-RDJMKVHDSA-N,C25H24O12,516.4,name,pubchem,,
caffeic acid,phenolic acid,aerial parts,tentative_hplc,aljoufi2022,689043,C1=CC(=C(C=C1/C=C/C(=O)O)O)O,C1=CC(=C(C=C1C=CC(=O)O)O)O,QAIPRVGONGVQAS-DUXPYHPUSA-N,C9H8O4,180.16,name,pubchem,,
p-coumaric acid,phenolic acid,aerial parts,tentative_hplc,aljoufi2022,637542,C1=CC(=CC=C1/C=C/C(=O)O)O,C1=CC(=CC=C1C=CC(=O)O)O,NGSWKAQJJWESNS-ZZXKWVIFSA-N,C9H8O3,164.16,name,pubchem,,
syringic acid,phenolic acid,aerial parts,tentative_hplc,aljoufi2022,10742,COC1=CC(=CC(=C1O)OC)C(=O)O,COC1=CC(=CC(=C1O)OC)C(=O)O,JMSVCTWVEWCHDZ-UHFFFAOYSA-N,C9H10O5,198.17,name,pubchem,,
ellagic acid,ellagitannin-derived phenol,aerial parts,tentative_hplc,aljoufi2022,5281855,C1=C2C3=C(C(=C1O)O)OC(=O)C4=CC(=C(C(=C43)OC2=O)O)O,C1=C2C3=C(C(=C1O)O)OC(=O)C4=CC(=C(C(=C43)OC2=O)O)O,AFSDNFLWKVMVRB-UHFFFAOYSA-N,C14H6O8,302.19,name,pubchem,,
pedunculagin,ellagitannin,aerial parts,tentative_hplc,aljoufi2022,442688,C1[C@@H]2[C@H]([C@H]3[C@H](C(O2)O)OC(=O)C4=CC(=C(C(=C4C5=C(C(=C(C=C5C(=O)O3)O)O)O)O)O)O)OC(=O)C6=CC(=C(C(=C6C7=C(C(=C(C=C7C(=O)O1)O)O)O)O)O)O,C1C2C(C3C(C(O2)O)OC(=O)C4=CC(=C(C(=C4C5=C(C(=C(C=C5C(=O)O3)O)O)O)O)O)O)OC(=O)C6=CC(=C(C(=C6C7=C(C(=C(C=C7C(=O)O1)O)O)O)O)O)O,IYMHVUYNBVWXKH-ZITZVVOASA-N,C34H24O22,784.5,name,pubchem,,
epigallocatechin gallate,flavan-3-ol gallate,aerial parts,tentative_hplc,aljoufi2022,65064,C1[C@H]([C@H](OC2=CC(=CC(=C21)O)O)C3=CC(=C(C(=C3)O)O)O)OC(=O)C4=CC(=C(C(=C4)O)O)O,C1C(C(OC2=CC(=CC(=C21)O)O)C3=CC(=C(C(=C3)O)O)O)OC(=O)C4=CC(=C(C(=C4)O)O)O,WMBWREPUVVBILR-WIYYLYMNSA-N,C22H18O11,458.4,name,pubchem,,
catechin,flavan-3-ol,aerial parts,tentative_hplc,aljoufi2022,9064,C1[C@@H]([C@H](OC2=CC(=CC(=C21)O)O)C3=CC(=C(C=C3)O)O)O,C1C(C(OC2=CC(=CC(=C21)O)O)C3=CC(=C(C=C3)O)O)O,PFTAWBLQPZVEMU-DZGCQCFKSA-N,C15H14O6,290.27,name,pubchem,,
rutin,flavonol glycoside,aerial parts,tentative_hplc,aljoufi2022;makhlouf2024,5280805,C[C@H]1[C@@H]([C@H]([C@H]([C@@H](O1)OC[C@@H]2[C@H]([C@@H]([C@H]([C@@H](O2)OC3=C(OC4=CC(=CC(=C4C3=O)O)O)C5=CC(=C(C=C5)O)O)O)O)O)O)O)O,CC1C(C(C(C(O1)OCC2C(C(C(C(O2)OC3=C(OC4=CC(=CC(=C4C3=O)O)O)C5=CC(=C(C=C5)O)O)O)O)O)O)O)O,IKGXIBQEEMLURG-NVPNHPEKSA-N,C27H30O16,610.5,name,pubchem,,
quercetin,flavonol,aerial parts,tentative_hplc,aljoufi2022,5280343,C1=CC(=C(C=C1C2=C(C(=O)C3=C(C=C(C=C3O2)O)O)O)O)O,C1=CC(=C(C=C1C2=C(C(=O)C3=C(C=C(C=C3O2)O)O)O)O)O,REFJWTPEDVJJIY-UHFFFAOYSA-N,C15H10O7,302.23,name,pubchem,,
morin,flavonol,aerial parts,tentative_hplc,aljoufi2022,5281670,C1=CC(=C(C=C1O)O)C2=C(C(=O)C3=C(C=C(C=C3O2)O)O)O,C1=CC(=C(C=C1O)O)C2=C(C(=O)C3=C(C=C(C=C3O2)O)O)O,YXOLAZRVSSWPPT-UHFFFAOYSA-N,C15H10O7,302.23,name,pubchem,,
myricetin,flavonol,aerial parts,tentative_lcms,makhlouf2024,5281672,C1=C(C=C(C(=C1O)O)O)C2=C(C(=O)C3=C(C=C(C=C3O2)O)O)O,C1=C(C=C(C(=C1O)O)O)C2=C(C(=O)C3=C(C=C(C=C3O2)O)O)O,IKMDFBPHZNJCSN-UHFFFAOYSA-N,C15H10O8,318.23,name,pubchem,,
kaempferol,flavonol,aerial parts,tentative_hplc,aljoufi2022,5280863,C1=CC(=CC=C1C2=C(C(=O)C3=C(C=C(C=C3O2)O)O)O)O,C1=CC(=CC=C1C2=C(C(=O)C3=C(C=C(C=C3O2)O)O)O)O,IYRMWMYZSQPJKC-UHFFFAOYSA-N,C15H10O6,286.24,name,pubchem,,
isorhoifolin,flavone glycoside,aerial parts,tentative_hplc,aljoufi2022,9851181,C[C@H]1[C@@H]([C@H]([C@H]([C@@H](O1)OC[C@@H]2[C@H]([C@@H]([C@H]([C@@H](O2)OC3=CC(=C4C(=C3)OC(=CC4=O)C5=CC=C(C=C5)O)O)O)O)O)O)O)O,CC1C(C(C(C(O1)OCC2C(C(C(C(O2)OC3=CC(=C4C(=C3)OC(=CC4=O)C5=CC=C(C=C5)O)O)O)O)O)O)O)O,FKIYLTVJPDLUDL-SLNHTJRHSA-N,C27H30O14,578.5,name,pubchem,,
"quercetin 3,7-di-O-glucoside",flavonol glycoside,aerial parts,tentative_hplc,aljoufi2022,10121947,C1=CC(=C(C=C1C2=C(C(=O)C3=C(C=C(C=C3O2)O[C@H]4[C@@H]([C@H]([C@@H]([C@H](O4)CO)O)O)O)O)O[C@H]5[C@@H]([C@H]([C@@H]([C@H](O5)CO)O)O)O)O)O,C1=CC(=C(C=C1C2=C(C(=O)C3=C(C=C(C=C3O2)OC4C(C(C(C(O4)CO)O)O)O)O)OC5C(C(C(C(O5)CO)O)O)O)O)O,BNSCASRSSGJHQH-DEFKTLOSSA-N,C27H30O17,626.5,name,pubchem,,
quercetin 7-O-sophoroside,flavonol glycoside,aerial parts,tentative_hplc,aljoufi2022,,,,,,,UNRESOLVED,none,,
pyrogallol,phenol,aerial parts,tentative_hplc,aljoufi2022,1057,C1=CC(=C(C(=C1)O)O)O,C1=CC(=C(C(=C1)O)O)O,WQGWDDDVZFFDIG-UHFFFAOYSA-N,C6H6O3,126.11,name,pubchem,,
malic acid,organic acid,aerial parts,tentative_hplc,aljoufi2022,525,C(C(C(=O)O)O)C(=O)O,C(C(C(=O)O)O)C(=O)O,BJEPYKJPYRNKOW-UHFFFAOYSA-N,C4H6O5,134.09,name,pubchem,,
mandelic acid,organic acid,aerial parts,tentative_hplc,aljoufi2022,1292,C1=CC=C(C=C1)C(C(=O)O)O,C1=CC=C(C=C1)C(C(=O)O)O,IWYDHOAUDWTVEP-UHFFFAOYSA-N,C8H8O3,152.15,name,pubchem,,
ascorbic acid,vitamin,aerial parts,tentative_hplc,aljoufi2022,54670067,C([C@@H]([C@@H]1C(=C(C(=O)O1)O)O)O)O,C(C(C1C(=C(C(=O)O1)O)O)O)O,CIWBSHSKHKDKBQ-JLAZNSOCSA-N,C6H8O6,176.12,name,pubchem,,
beta-carotene,carotenoid,aerial parts,tentative_lcms,makhlouf2024,5280489,CC1=C(C(CCC1)(C)C)/C=C/C(=C/C=C/C(=C/C=C/C=C(/C=C/C=C(/C=C/C2=C(CCCC2(C)C)C)\C)\C)/C)/C,CC1=C(C(CCC1)(C)C)C=CC(=CC=CC(=CC=CC=C(C)C=CC=C(C)C=CC2=C(CCCC2(C)C)C)C)C,OENHQHLEOONYIE-JLTXGRSLSA-N,C40H56,536.9,name,pubchem,,
anabasine,pyridine-piperidine alkaloid,genus (A. aphylla),genus_only,lotus,205586,C1CCN[C@@H](C1)C2=CN=CC=C2,C1CCNC(C1)C2=CN=CC=C2,MTXSIJUGVMTTMU-JTQLQIEISA-N,C10H14N2,162.23,name,pubchem,,no primary evidence in A. articulata; reported for A. aphylla (genus-level claim)
lupinine,quinolizidine alkaloid,genus (A. aphylla),genus_only,lotus,91461,C1CCN2CCC[C@H]([C@H]2C1)CO,C1CCN2CCCC(C2C1)CO,HDVAWXXJVMJBAR-VHSXEESVSA-N,C10H19NO,169.26,name,pubchem,,no primary evidence in A. articulata; reported for A. salsa/A. aphylla
sparteine,quinolizidine alkaloid,genus (A. aphylla),genus_only,lotus,644020,C1CCN2C[C@@H]3C[C@H]([C@H]2C1)CN4[C@H]3CCCC4,C1CCN2CC3CC(C2C1)CN4C3CCCC4,SLRCCWJSBJZJBV-ZQDZILKHSA-N,C15H26N2,234.38,name,pubchem,,no primary evidence in A. articulata (genus-level claim)
aphylline,quinolizidine alkaloid,genus (A. aphylla),genus_only,lotus,442940,C1CCN2C[C@H]3C[C@H]([C@@H]2C1)C(=O)N4[C@@H]3CCCC4,C1CCN2CC3CC(C2C1)C(=O)N4C3CCCC4,YQMWQSMYVPLYDI-SYQHCUMBSA-N,C15H24N2O,248.36,name,pubchem,,no primary evidence in A. articulata; A. aphylla
aphyllidine,quinolizidine alkaloid,genus (A. aphylla),genus_only,lotus,12306738,C1CCN2C[C@@H]3C[C@H]([C@@H]2C1)C(=O)N4C3=CCCC4,C1CCN2CC3CC(C2C1)C(=O)N4C3=CCCC4,UAAWNTMXVSONPU-SCRDCRAPSA-N,C15H22N2O,246.35,name,pubchem,,no primary evidence in A. articulata; A. aphylla
butylated hydroxyanisole,synthetic antioxidant,-,artifact_suspect,makhlouf2024,8456,CC(C)(C)C1=C(C=CC(=C1)OC)O,CC(C)(C)C1=C(C=CC(=C1)OC)O,MRBKEAMVRSLQPH-UHFFFAOYSA-N,C11H16O2,180.24,alias:BHA,pubchem,,
butylated hydroxytoluene,synthetic antioxidant,-,artifact_suspect,makhlouf2024,31404,CC1=CC(=C(C(=C1)C(C)(C)C)O)C(C)(C)C,CC1=CC(=C(C(=C1)C(C)(C)C)O)C(C)(C)C,NLZUEZXRPGMBCV-UHFFFAOYSA-N,C15H24O,220.35,alias:BHT,pubchem,,
bis(2-ethylhexyl) phthalate,plasticizer,-,artifact_suspect,aljoufi2022,8343,CCCCC(CC)COC(=O)C1=CC=CC=C1C(=O)OCC(CC)CCCC,CCCCC(CC)COC(=O)C1=CC=CC=C1C(=O)OCC(CC)CCCC,BJQHLKABXJIVAM-UHFFFAOYSA-N,C24H38O4,390.6,name,pubchem,,
diethyl phthalate,plasticizer,-,artifact_suspect,aljoufi2022,6781,CCOC(=O)C1=CC=CC=C1C(=O)OCC,CCOC(=O)C1=CC=CC=C1C(=O)OCC,FLKPEMZONWLCSK-UHFFFAOYSA-N,C12H14O4,222.24,name,pubchem,,
N-nitrosomorpholine,nitrosamine,-,artifact_suspect,aljoufi2022,6046,C1COCCN1N=O,C1COCCN1N=O,ZKXDGKXYMTYWTB-UHFFFAOYSA-N,C4H8N2O2,116.12,name,pubchem,,
anthrone,anthracene derivative,-,artifact_suspect,makhlouf2024,7018,C1C2=CC=CC=C2C(=O)C3=CC=CC=C31,C1C2=CC=CC=C2C(=O)C3=CC=CC=C31,RJGDLRCDCYRQOQ-UHFFFAOYSA-N,C14H10O,194.23,name,pubchem,,
isopropyl palmitate,cosmetic ester,-,artifact_suspect,aljoufi2022,8907,CCCCCCCCCCCCCCCC(=O)OC(C)C,CCCCCCCCCCCCCCCC(=O)OC(C)C,XUGNVMKQXJXZCD-UHFFFAOYSA-N,C19H38O2,298.5,name,pubchem,,
"3beta-hydroxy-23-aldehyde-30-norolean-12,20(29)-dien-28-oic acid 28-O-beta-D-glucopyranosyl ester",30-nor-oleanane saponin (monodesmoside),aerial parts,isolated,salaheldine2019,,,,,,,delegated:01b:SAP-3,see_structure_source,01b:SAP-3,new compound in salaheldine2019; PPARalpha activation 2.25-fold in HepG2
"3beta-O-D-galactopyranosyl-23-aldehyde-30-norolean-12,20(29)-dien-28-oic acid 28-O-beta-D-glucopyranosyl ester",30-nor-oleanane saponin (bidesmoside),aerial parts,isolated,salaheldine2019,,,,,,,delegated:01b:SAP-4,see_structure_source,01b:SAP-4,new compound in salaheldine2019
"3beta-O-D-xylopyranosyl-30-norolean-12,20(29)-dien-28-oic acid 28-O-beta-D-glucopyranosyl ester",30-nor-oleanane saponin (bidesmoside),aerial parts,isolated,salaheldine2019,,,,,,,delegated:01b:SAP-5,see_structure_source,01b:SAP-5,new compound in salaheldine2019; PPARalpha activation 1.86-fold in HepG2
boussingoside E,30-nor-triterpenoid saponin,aerial parts,isolated,salaheldine2019,172431120,C[C@]12CC[C@@H]([C@@](C1CC[C@@]3(C2CC=C4[C@]3(CC[C@@]5([C@H]4CC(=C)CC5)C(=O)O[C@H]6[C@@H]([C@H]([C@@H]([C@H](O6)CO)O)O)O)C)C)(C)CO)O[C@H]7[C@@H]([C@H]([C@@H]([C@H](O7)C(=O)O)O)O)O,CC12CCC(C(C1CCC3(C2CC=C4C3(CCC5(C4CC(=C)CC5)C(=O)OC6C(C(C(C(O6)CO)O)O)O)C)C)(C)CO)OC7C(C(C(C(O7)C(=O)O)O)O)O,XZLYKCFSWUWOSX-HKEDDHKFSA-N,C41H62O15,794.9,name,pubchem,,"known compound, structure not reconstructed here: UNVERIFIED"
3beta-hydroxy-23-aldehyde-lup-20(29)-en-28-oic acid,lupane triterpenoid,aerial parts,isolated,gamal2022,,,,,,,delegated:01b:AGL-5,see_structure_source,01b:AGL-5,
"3beta-hydroxy-23-aldehyde-30-nor-olean-12,20(29)-dien-28-oic acid",30-nor-oleanane triterpenoid,aerial parts,isolated,gamal2022;salaheldine2019,,,,,,,delegated:01b:AGL-2,see_structure_source,01b:AGL-2,
"3beta-hydroxy-lup-20(29)-ene-23,28-dioic acid",lupane triterpenoid,aerial parts,isolated,gamal2022,,,,,,,delegated:01b:AGL-6,see_structure_source,01b:AGL-6,
"3beta,20alpha-dihydroxy-30-nor-olean-12-ene-23,28-dioic acid",30-nor-oleanane triterpenoid,aerial parts,isolated,gamal2022,,,,,,,delegated:01b:AGL-4,see_structure_source,01b:AGL-4,new compound in gamal2022
"3beta-hydroxy-lup-20(29)-ene-23,28-dioic acid 23-O-beta-D-glucopyranosyl ester",lupane saponin (monodesmoside),aerial parts,isolated,gamal2022,,,,,,,delegated:01b:SAP-6,see_structure_source,01b:SAP-6,
"3-O-beta-D-glucuronopyranosyl-lup-20(29)-ene-23,28-dioic acid 28-O-beta-D-glucopyranosyl ester",lupane saponin (bidesmoside),aerial parts,isolated,gamal2022,,,,,,,delegated:01b:SAP-7,see_structure_source,01b:SAP-7,
3-O-beta-D-glucuronopyranosyl-lup-20(29)-ene-23-aldehyde-28-oic acid 28-O-beta-D-glucopyranosyl ester,lupane saponin (bidesmoside),aerial parts,isolated,gamal2022,,,,,,,delegated:01b:SAP-8,see_structure_source,01b:SAP-8,
quercetin 3-O-beta-D-galactoside,flavonol glycoside,aerial parts,isolated,jan2025,5281643,C1=CC(=C(C=C1C2=C(C(=O)C3=C(C=C(C=C3O2)O)O)O[C@H]4[C@@H]([C@H]([C@H]([C@H](O4)CO)O)O)O)O)O,C1=CC(=C(C=C1C2=C(C(=O)C3=C(C=C(C=C3O2)O)O)OC4C(C(C(C(O4)CO)O)O)O)O)O,OVSQVDMCBVZWGM-DTGCRPNFSA-N,C21H20O12,464.4,name,pubchem,,
quercitrin,flavonol glycoside,aerial parts,isolated,jan2025,5280459,C[C@H]1[C@@H]([C@H]([C@H]([C@@H](O1)OC2=C(OC3=CC(=CC(=C3C2=O)O)O)C4=CC(=C(C=C4)O)O)O)O)O,CC1C(C(C(C(O1)OC2=C(OC3=CC(=CC(=C3C2=O)O)O)C4=CC(=C(C=C4)O)O)O)O)O,OXGUCUVFOIWWQJ-HQBVPOQASA-N,C21H20O11,448.4,name,pubchem,,
caffeine,purine alkaloid,aerial parts,artifact_suspect,gamal2022b,2519,CN1C=NC2=C1C(=O)N(C(=O)N2C)C,CN1C=NC2=C1C(=O)N(C(=O)N2C)C,RYYVLZVUVIJVGH-UHFFFAOYSA-N,C8H10N4O2,194.19,name,pubchem,,reported as isolated from this plant; implausible for a chenopod - treated as contamination
4-acetoxyphenol,phenol,aerial parts,reported,gamal2022b,96009,CC(=O)OC1=CC=C(C=C1)O,CC(=O)OC1=CC=C(C=C1)O,HBMCQTHGYMTCOF-UHFFFAOYSA-N,C8H8O3,152.15,name,pubchem,,
