id,literature_name,skeleton,kind,source_key,evidence,formula,exact_mass,mw,rings,n_stereocentres,smiles,construction,stereo_note,formula_check
AGL-1,oleanolic acid,oleanane,aglycone,metwally2012,isolated,C30H48O3,456.3603,456.71,5,8,CC1(C)CC[C@]2(C(=O)O)CC[C@]3(C)C(=CC[C@@H]4[C@@]5(C)CC[C@H](O)C(C)(C)[C@@H]5CC[C@]43C)[C@@H]2C1,"PubChem CID 10494, unmodified",,ok
AGL-2,"3beta-hydroxy-23-aldehyde-30-norolean-12,20(29)-dien-28-oic acid",30-nor-oleanane,aglycone,salaheldine2019;gamal2022,isolated,C29H42O4,454.3083,454.65,5,9,C=C1CC[C@]2(C(=O)O)CC[C@]3(C)C(=CC[C@@H]4[C@@]5(C)CC[C@H](O)C(C)(C=O)[C@@H]5CC[C@]43C)[C@@H]2C1,CID 10494 -> C-23 to CHO -> 30-nor + 20(29)-ene,C-23 vs C-24 methyl choice UNVERIFIED,ok
AGL-3,"30-norolean-12,20(29)-dien-28-oic acid (aglycone of compound 3)",30-nor-oleanane,aglycone,salaheldine2019,isolated,C29H44O3,440.329,440.67,5,8,C=C1CC[C@]2(C(=O)O)CC[C@]3(C)C(=CC[C@@H]4[C@@]5(C)CC[C@H](O)C(C)(C)[C@@H]5CC[C@]43C)[C@@H]2C1,CID 10494 -> 30-nor + 20(29)-ene,,ok
AGL-4,"3beta,20alpha-dihydroxy-30-nor-olean-12-ene-23,28-dioic acid",30-nor-oleanane,aglycone,gamal2022,isolated,C29H44O6,488.3138,488.67,5,10,CC1(O)CC[C@]2(C(=O)O)CC[C@]3(C)C(=CC[C@@H]4[C@@]5(C)CC[C@H](O)C(C)(C(=O)O)[C@@H]5CC[C@]43C)[C@@H]2C1,CID 10494 -> C-23 to COOH -> 30-nor + 20-OH,C-20 configuration unspecified (reported 20alpha); C-23 vs C-24 methyl choice UNVERIFIED,ok
AGL-5,3beta-hydroxy-23-aldehyde-lup-20(29)-en-28-oic acid,lupane,aglycone,gamal2022,isolated,C30H46O4,470.3396,470.69,5,11,C=C(C)[C@@H]1CC[C@]2(C(=O)O)CC[C@]3(C)[C@H](CC[C@@H]4[C@@]5(C)CC[C@H](O)C(C)(C=O)[C@@H]5CC[C@]43C)[C@@H]12,betulinic acid CID 64971 -> C-23 to CHO,C-23 vs C-24 methyl choice UNVERIFIED,ok
AGL-6,"3beta-hydroxy-lup-20(29)-ene-23,28-dioic acid",lupane,aglycone,gamal2022,isolated,C30H46O5,486.3345,486.69,5,11,C=C(C)[C@@H]1CC[C@]2(C(=O)O)CC[C@]3(C)[C@H](CC[C@@H]4[C@@]5(C)CC[C@H](O)C(C)(C(=O)O)[C@@H]5CC[C@]43C)[C@@H]12,betulinic acid CID 64971 -> C-23 to COOH,C-23 vs C-24 methyl choice UNVERIFIED,ok
AGL-7,betulinic acid (lupane reference parent),lupane,reference,-,not_reported_in_species,C30H48O3,456.3603,456.71,5,10,C=C(C)[C@@H]1CC[C@]2(C(=O)O)CC[C@]3(C)[C@H](CC[C@@H]4[C@@]5(C)CC[C@H](O)C(C)(C)[C@@H]5CC[C@]43C)[C@@H]12,"PubChem CID 64971, unmodified",,ok
SAP-1,oleanolic acid 3-O-beta-D-glucopyranoside,oleanane,monodesmoside,metwally2012,isolated,C36H58O8,618.4132,618.85,6,13,CC1(C)CC[C@]2(C(=O)O)CC[C@]3(C)C(=CC[C@@H]4[C@@]5(C)CC[C@H](O[C@@H]6O[C@H](CO)[C@@H](O)[C@H](O)[C@H]6O)C(C)(C)[C@@H]5CC[C@]43C)[C@@H]2C1,AGL-1 -> 3-O-Glc,,ok
SAP-2,3-O-beta-D-glucopyranosyl-28-O-beta-D-xylopyranosyl oleanolic acid,oleanane,bidesmoside,metwally2012,isolated,C41H66O12,750.4554,750.97,7,17,CC1(C)CC[C@]2(C(=O)O[C@@H]3OC[C@@H](O)[C@H](O)[C@H]3O)CC[C@]3(C)C(=CC[C@@H]4[C@@]5(C)CC[C@H](O[C@@H]6O[C@H](CO)[C@@H](O)[C@H](O)[C@H]6O)C(C)(C)[C@@H]5CC[C@]43C)[C@@H]2C1,AGL-1 -> 3-O-Glc -> 28-O-Xyl ester,,ok
SAP-3,"3beta-hydroxy-23-aldehyde-30-norolean-12,20(29)-dien-28-oic acid 28-O-beta-D-glucopyranosyl ester (compound 1)",30-nor-oleanane,monodesmoside,salaheldine2019,isolated,C35H52O9,616.3611,616.79,6,14,C=C1CC[C@]2(C(=O)O[C@@H]3O[C@H](CO)[C@@H](O)[C@H](O)[C@H]3O)CC[C@]3(C)C(=CC[C@@H]4[C@@]5(C)CC[C@H](O)C(C)(C=O)[C@@H]5CC[C@]43C)[C@@H]2C1,AGL-2 -> 28-O-Glc ester,PPARalpha activation 2.25-fold reported for this compound,ok
SAP-4,"3beta-O-D-galactopyranosyl-23-aldehyde-30-norolean-12,20(29)-dien-28-oic acid 28-O-beta-D-glucopyranosyl ester (compound 2)",30-nor-oleanane,bidesmoside,salaheldine2019,isolated,C41H62O14,778.414,778.93,7,19,C=C1CC[C@]2(C(=O)O[C@@H]3O[C@H](CO)[C@@H](O)[C@H](O)[C@H]3O)CC[C@]3(C)C(=CC[C@@H]4[C@@]5(C)CC[C@H](O[C@@H]6O[C@H](CO)[C@H](O)[C@H](O)[C@H]6O)C(C)(C=O)[C@@H]5CC[C@]43C)[C@@H]2C1,AGL-2 -> 3-O-Gal -> 28-O-Glc ester,C-23 vs C-24 methyl choice UNVERIFIED,ok
SAP-5,"3beta-O-D-xylopyranosyl-30-norolean-12,20(29)-dien-28-oic acid 28-O-beta-D-glucopyranosyl ester (compound 3)",30-nor-oleanane,bidesmoside,salaheldine2019,isolated,C40H62O12,734.4241,734.92,7,17,C=C1CC[C@]2(C(=O)O[C@@H]3O[C@H](CO)[C@@H](O)[C@H](O)[C@H]3O)CC[C@]3(C)C(=CC[C@@H]4[C@@]5(C)CC[C@H](O[C@@H]6OC[C@@H](O)[C@H](O)[C@H]6O)C(C)(C)[C@@H]5CC[C@]43C)[C@@H]2C1,AGL-3 -> 3-O-Xyl -> 28-O-Glc ester,PPARalpha activation 1.86-fold reported for this compound,ok
SAP-6,"3beta-hydroxy-lup-20(29)-ene-23,28-dioic acid 23-O-beta-D-glucopyranosyl ester (compound 5)",lupane,monodesmoside,gamal2022,isolated,C36H56O10,648.3873,648.83,6,16,C=C(C)[C@@H]1CC[C@]2(C(=O)O)CC[C@]3(C)[C@H](CC[C@@H]4[C@@]5(C)CC[C@H](O)C(C)(C(=O)O[C@@H]6O[C@H](CO)[C@@H](O)[C@H](O)[C@H]6O)[C@@H]5CC[C@]43C)[C@@H]12,AGL-6 -> 23-O-Glc ester,C-23 vs C-24 methyl choice UNVERIFIED,ok
SAP-7,"3-O-beta-D-glucuronopyranosyl-lup-20(29)-ene-23,28-dioic acid 28-O-beta-D-glucopyranosyl ester (compound 6)",lupane,bidesmoside,gamal2022,isolated,C42H64O16,824.4194,824.96,7,21,C=C(C)[C@@H]1CC[C@]2(C(=O)O[C@@H]3O[C@H](CO)[C@@H](O)[C@H](O)[C@H]3O)CC[C@]3(C)[C@H](CC[C@@H]4[C@@]5(C)CC[C@H](O[C@@H]6O[C@H](C(=O)O)[C@@H](O)[C@H](O)[C@H]6O)C(C)(C(=O)O)[C@@H]5CC[C@]43C)[C@@H]12,AGL-6 -> 3-O-GlcA -> 28-O-Glc ester,C-23 vs C-24 methyl choice UNVERIFIED,ok
SAP-8,3-O-beta-D-glucuronopyranosyl-lup-20(29)-ene-23-aldehyde-28-oic acid 28-O-beta-D-glucopyranosyl ester (compound 7),lupane,bidesmoside,gamal2022,isolated,C42H64O15,808.4245,808.96,7,21,C=C(C)[C@@H]1CC[C@]2(C(=O)O[C@@H]3O[C@H](CO)[C@@H](O)[C@H](O)[C@H]3O)CC[C@]3(C)[C@H](CC[C@@H]4[C@@]5(C)CC[C@H](O[C@@H]6O[C@H](C(=O)O)[C@@H](O)[C@H](O)[C@H]6O)C(C)(C=O)[C@@H]5CC[C@]43C)[C@@H]12,AGL-5 -> 3-O-GlcA -> 28-O-Glc ester,C-23 vs C-24 methyl choice UNVERIFIED,ok
