id,name,class,evidence,source_key,origin,smiles_source,formula,mw,exact_mass,clogp,tpsa,hbd,hba,rot_bonds,rings,arom_rings,fraction_csp3,heavy_atoms,qed,lipinski_violations,veber_oral_ok,n_pyranose_units,pains_alerts,brenk_alerts,smiles
CID10494,oleanolic acid,triterpene aglycone,isolated,metwally2012;lotus,01_resolved,pubchem,C30H48O3,456.71,456.3603,7.23,57.5,2,2,1,5,0,0.9,33,0.409,1,yes,0,-,isolated_alkene,C[C@]12CC[C@@H](C([C@@H]1CC[C@@]3([C@@H]2CC=C4[C@]3(CC[C@@]5([C@H]4CC(CC5)(C)C)C(=O)O)C)C)(C)C)O
CID165117,oleanolic acid 3-O-beta-D-glucopyranoside,triterpene saponin (monodesmoside),isolated,metwally2012,01_resolved,pubchem,C36H58O8,618.85,618.4132,5.06,136.7,5,7,4,6,0,0.917,44,0.218,2,yes,1,-,isolated_alkene; saponine_derivative,C[C@]12CC[C@@H](C(C1CC[C@@]3([C@@H]2CC=C4[C@]3(CC[C@@]5([C@@H]4CC(CC5)(C)C)C(=O)O)C)C)(C)C)O[C@H]6[C@@H]([C@H]([C@@H]([C@H](O6)CO)O)O)O
CID5742590,daucosterol,sterol glycoside,isolated,metwally2012,01_resolved,pubchem,C35H60O6,576.86,576.439,5.85,99.4,4,6,9,5,0,0.943,41,0.257,2,yes,1,-,isolated_alkene,CC[C@H](CC[C@@H](C)[C@H]1CC[C@@H]2[C@@]1(CC[C@H]3[C@H]2CC=C4[C@@]3(CC[C@@H](C4)O[C@H]5[C@@H]([C@H]([C@@H]([C@H](O5)CO)O)O)O)C)C)C(C)C
CID6602508,stigmasterol 3-O-beta-D-glucoside,sterol glycoside,isolated,metwally2012,01_resolved,pubchem,C35H58O6,574.84,574.4233,5.63,99.4,4,6,8,5,0,0.886,41,0.281,2,yes,1,-,isolated_alkene,CC[C@H](/C=C/[C@@H](C)[C@H]1CC[C@@H]2[C@@]1(CC[C@H]3[C@H]2CC=C4[C@@]3(CC[C@@H](C4)O[C@H]5[C@@H]([C@H]([C@@H]([C@H](O5)CO)O)O)O)C)C)C(C)C
CID70699356,sitostanol 3-O-beta-D-glucoside,sterol glycoside,isolated,metwally2012,01_resolved,pubchem,C35H62O6,578.88,578.4546,5.93,99.4,4,6,9,5,0,1.0,41,0.253,2,yes,1,-,saponine_derivative,CC[C@H](CC[C@@H](C)[C@H]1CC[C@@H]2[C@@]1(CC[C@H]3[C@H]2CC[C@@H]4[C@@]3(CC[C@@H](C4)O[C@H]5[C@H](C([C@@H](C(O5)CO)O)O)O)C)C)C(C)C
CID222284,beta-sitosterol,phytosterol,inferred_aglycone,metwally2012,01_resolved,pubchem,C29H50O,414.72,414.3862,8.02,20.2,1,1,6,4,0,0.931,30,0.436,1,yes,0,-,isolated_alkene,CC[C@H](CC[C@@H](C)[C@H]1CC[C@@H]2[C@@]1(CC[C@H]3[C@H]2CC=C4[C@@]3(CC[C@@H](C4)O)C)C)C(C)C
CID5280794,stigmasterol,phytosterol,inferred_aglycone,metwally2012,01_resolved,pubchem,C29H48O,412.7,412.3705,7.8,20.2,1,1,5,4,0,0.862,30,0.457,1,yes,0,-,isolated_alkene,CC[C@H](/C=C/[C@@H](C)[C@H]1CC[C@@H]2[C@@]1(CC[C@H]3[C@H]2CC=C4[C@@]3(CC[C@@H](C4)O)C)C)C(C)C
CID247,betaine,quaternary ammonium osmolyte,reported,lotus,01_resolved,pubchem,C5H11NO2,117.15,117.079,-1.56,40.1,0,2,2,0,0,0.8,8,0.41,0,yes,0,-,quaternary_nitrogen_2,C[N+](C)(C)CC(=O)[O-]
CID971,oxalic acid,organic acid (oxalate),genus_family,doaigey1991,01_resolved,pubchem,C2H2O4,90.03,89.9953,-0.84,74.6,2,2,0,0,0,0.0,6,0.38,0,yes,0,-,diketo_group,C(=O)(C(=O)O)O
CID370,gallic acid,phenolic acid,tentative_lcms,aljoufi2022;makhlouf2024,01_resolved,pubchem,C7H6O5,170.12,170.0215,0.5,98.0,4,4,1,1,1,0.0,12,0.46,0,yes,0,catechol_A(92),catechol,C1=C(C=C(C(=C1O)O)O)C(=O)O
CID1794427,chlorogenic acid,hydroxycinnamate ester,tentative_hplc,aljoufi2022,01_resolved,pubchem,C16H18O9,354.31,354.0951,-0.65,164.8,6,8,4,2,1,0.375,25,0.234,1,no,0,catechol_A(92),catechol; Michael_acceptor_1,C1[C@H]([C@H]([C@@H](C[C@@]1(C(=O)O)O)OC(=O)/C=C/C2=CC(=C(C=C2)O)O)O)O
CID6474310,"3,5-dicaffeoylquinic acid",hydroxycinnamate ester,tentative_hplc,aljoufi2022,01_resolved,pubchem,C25H24O12,516.46,516.1268,1.03,211.3,7,11,7,3,2,0.24,37,0.156,3,no,0,catechol_A(92),catechol; Michael_acceptor_1,C1C(C[C@H](C([C@@H]1OC(=O)/C=C/C2=CC(=C(C=C2)O)O)O)OC(=O)/C=C/C3=CC(=C(C=C3)O)O)(O)C(=O)O
CID689043,caffeic acid,phenolic acid,tentative_hplc,aljoufi2022,01_resolved,pubchem,C9H8O4,180.16,180.0423,1.2,77.8,3,3,2,1,1,0.0,13,0.472,0,yes,0,catechol_A(92),catechol; Michael_acceptor_1,C1=CC(=C(C=C1/C=C/C(=O)O)O)O
CID637542,p-coumaric acid,phenolic acid,tentative_hplc,aljoufi2022,01_resolved,pubchem,C9H8O3,164.16,164.0473,1.49,57.5,2,2,2,1,1,0.0,12,0.651,0,yes,0,-,Michael_acceptor_1,C1=CC(=CC=C1/C=C/C(=O)O)O
CID10742,syringic acid,phenolic acid,tentative_hplc,aljoufi2022,01_resolved,pubchem,C9H10O5,198.17,198.0528,1.11,76.0,2,4,3,1,1,0.222,14,0.76,0,yes,0,-,-,COC1=CC(=CC(=C1O)OC)C(=O)O
CID5281855,ellagic acid,ellagitannin-derived phenol,tentative_hplc,aljoufi2022,01_resolved,pubchem,C14H6O8,302.19,302.0063,1.31,141.3,4,8,0,4,4,0.0,22,0.216,0,no,0,catechol_A(92),catechol; cumarine; Polycyclic_aromatic_hydrocarbon_3,C1=C2C3=C(C(=C1O)O)OC(=O)C4=CC(=C(C(=C43)OC2=O)O)O
CID442688,pedunculagin,ellagitannin,tentative_hplc,aljoufi2022,01_resolved,pubchem,C34H24O22,784.54,784.0759,0.67,377.4,13,22,0,7,4,0.176,56,0.066,3,no,1,catechol_A(92),>_2_ester_groups; catechol,C1[C@@H]2[C@H]([C@H]3[C@H](C(O2)O)OC(=O)C4=CC(=C(C(=C4C5=C(C(=C(C=C5C(=O)O3)O)O)O)O)O)O)OC(=O)C6=CC(=C(C(=C6C7=C(C(=C(C=C7C(=O)O1)O)O)O)O)O)O
CID65064,epigallocatechin gallate,flavan-3-ol gallate,tentative_hplc,aljoufi2022,01_resolved,pubchem,C22H18O11,458.38,458.0849,2.23,197.4,8,11,3,4,3,0.136,33,0.212,2,no,0,catechol_A(92),catechol,C1[C@H]([C@H](OC2=CC(=CC(=C21)O)O)C3=CC(=C(C(=C3)O)O)O)OC(=O)C4=CC(=C(C(=C4)O)O)O
CID9064,catechin,flavan-3-ol,tentative_hplc,aljoufi2022,01_resolved,pubchem,C15H14O6,290.27,290.079,1.55,110.4,5,6,1,3,2,0.2,21,0.51,0,yes,0,catechol_A(92),catechol,C1[C@@H]([C@H](OC2=CC(=CC(=C21)O)O)C3=CC(=C(C=C3)O)O)O
CID5280805,rutin,flavonol glycoside,tentative_hplc,aljoufi2022;makhlouf2024,01_resolved,pubchem,C27H30O16,610.52,610.1534,-1.69,269.4,10,16,6,5,3,0.444,43,0.14,3,no,2,catechol_A(92),catechol,C[C@H]1[C@@H]([C@H]([C@H]([C@@H](O1)OC[C@@H]2[C@H]([C@@H]([C@H]([C@@H](O2)OC3=C(OC4=CC(=CC(=C4C3=O)O)O)C5=CC(=C(C=C5)O)O)O)O)O)O)O)O
CID5280343,quercetin,flavonol,tentative_hplc,aljoufi2022,01_resolved,pubchem,C15H10O7,302.24,302.0427,1.99,131.4,5,7,1,3,3,0.0,22,0.434,0,yes,0,catechol_A(92),catechol,C1=CC(=C(C=C1C2=C(C(=O)C3=C(C=C(C=C3O2)O)O)O)O)O
CID5281670,morin,flavonol,tentative_hplc,aljoufi2022,01_resolved,pubchem,C15H10O7,302.24,302.0427,1.99,131.4,5,7,1,3,3,0.0,22,0.464,0,yes,0,-,-,C1=CC(=C(C=C1O)O)C2=C(C(=O)C3=C(C=C(C=C3O2)O)O)O
CID5281672,myricetin,flavonol,tentative_lcms,makhlouf2024,01_resolved,pubchem,C15H10O8,318.24,318.0376,1.69,151.6,6,8,1,3,3,0.0,23,0.371,1,no,0,catechol_A(92),catechol,C1=C(C=C(C(=C1O)O)O)C2=C(C(=O)C3=C(C=C(C=C3O2)O)O)O
CID5280863,kaempferol,flavonol,tentative_hplc,aljoufi2022,01_resolved,pubchem,C15H10O6,286.24,286.0477,2.28,111.1,4,6,1,3,3,0.0,21,0.546,0,yes,0,-,-,C1=CC(=CC=C1C2=C(C(=O)C3=C(C=C(C=C3O2)O)O)O)O
CID9851181,isorhoifolin,flavone glycoside,tentative_hplc,aljoufi2022,01_resolved,pubchem,C27H30O14,578.52,578.1636,-1.1,229.0,8,14,6,5,3,0.444,41,0.174,3,no,2,-,-,C[C@H]1[C@@H]([C@H]([C@H]([C@@H](O1)OC[C@@H]2[C@H]([C@@H]([C@H]([C@@H](O2)OC3=CC(=C4C(=C3)OC(=CC4=O)C5=CC=C(C=C5)O)O)O)O)O)O)O)O
CID10121947,"quercetin 3,7-di-O-glucoside",flavonol glycoside,tentative_hplc,aljoufi2022,01_resolved,pubchem,C27H30O17,626.52,626.1483,-3.07,289.7,11,17,7,5,3,0.444,44,0.116,3,no,2,catechol_A(92),catechol,C1=CC(=C(C=C1C2=C(C(=O)C3=C(C=C(C=C3O2)O[C@H]4[C@@H]([C@H]([C@@H]([C@H](O4)CO)O)O)O)O)O[C@H]5[C@@H]([C@H]([C@@H]([C@H](O5)CO)O)O)O)O)O
CID1057,pyrogallol,phenol,tentative_hplc,aljoufi2022,01_resolved,pubchem,C6H6O3,126.11,126.0317,0.8,60.7,3,3,0,1,1,0.0,9,0.45,0,yes,0,catechol_A(92),catechol,C1=CC(=C(C(=C1)O)O)O
CID525,malic acid,organic acid,tentative_hplc,aljoufi2022,01_resolved,pubchem,C4H6O5,134.09,134.0215,-1.09,94.8,3,3,3,0,0,0.5,9,0.455,0,yes,0,-,-,C(C(C(=O)O)O)C(=O)O
CID1292,mandelic acid,organic acid,tentative_hplc,aljoufi2022,01_resolved,pubchem,C8H8O3,152.15,152.0473,0.8,57.5,2,2,2,1,1,0.125,11,0.659,0,yes,0,-,-,C1=CC=C(C=C1)C(C(=O)O)O
CID54670067,ascorbic acid,vitamin,tentative_hplc,aljoufi2022,01_resolved,pubchem,C6H8O6,176.12,176.0321,-1.41,107.2,4,6,2,1,0,0.5,12,0.385,0,yes,0,-,-,C([C@@H]([C@@H]1C(=C(C(=O)O1)O)O)O)O
CID5280489,beta-carotene,carotenoid,tentative_lcms,makhlouf2024,01_resolved,pubchem,C40H56,536.89,536.4382,12.61,0.0,0,0,10,2,0,0.45,40,0.244,2,yes,0,-,polyene,CC1=C(C(CCC1)(C)C)/C=C/C(=C/C=C/C(=C/C=C/C=C(/C=C/C=C(/C=C/C2=C(CCCC2(C)C)C)\C)\C)/C)/C
CID205586,anabasine,pyridine-piperidine alkaloid,genus_only,lotus,01_resolved,pubchem,C10H14N2,162.24,162.1157,1.9,24.9,1,2,1,2,1,0.5,12,0.682,0,yes,0,-,-,C1CCN[C@@H](C1)C2=CN=CC=C2
CID91461,lupinine,quinolizidine alkaloid,genus_only,lotus,01_resolved,pubchem,C10H19NO,169.27,169.1467,1.24,23.5,1,2,1,2,0,1.0,12,0.638,0,yes,0,-,-,C1CCN2CCC[C@H]([C@H]2C1)CO
CID644020,sparteine,quinolizidine alkaloid,genus_only,lotus,01_resolved,pubchem,C15H26N2,234.39,234.2096,2.35,6.5,0,2,0,4,0,1.0,17,0.635,0,yes,0,-,-,C1CCN2C[C@@H]3C[C@H]([C@H]2C1)CN4[C@H]3CCCC4
CID442940,aphylline,quinolizidine alkaloid,genus_only,lotus,01_resolved,pubchem,C15H24N2O,248.37,248.1889,1.87,23.6,0,2,0,4,0,0.933,18,0.653,0,yes,0,-,-,C1CCN2C[C@H]3C[C@H]([C@@H]2C1)C(=O)N4[C@@H]3CCCC4
CID12306738,aphyllidine,quinolizidine alkaloid,genus_only,lotus,01_resolved,pubchem,C15H22N2O,246.35,246.1732,2.0,23.6,0,2,0,4,0,0.8,18,0.652,0,yes,0,-,-,C1CCN2C[C@@H]3C[C@H]([C@@H]2C1)C(=O)N4C3=CCCC4
CID8456,butylated hydroxyanisole,synthetic antioxidant,artifact_suspect,makhlouf2024,01_resolved,pubchem,C11H16O2,180.25,180.115,2.7,29.5,1,2,1,1,1,0.455,13,0.72,0,yes,0,-,-,CC(C)(C)C1=C(C=CC(=C1)OC)O
CID31404,butylated hydroxytoluene,synthetic antioxidant,artifact_suspect,makhlouf2024,01_resolved,pubchem,C15H24O,220.36,220.1827,4.3,20.2,1,1,0,1,1,0.6,16,0.691,0,yes,0,-,-,CC1=CC(=C(C(=C1)C(C)(C)C)O)C(C)(C)C
CID8343,bis(2-ethylhexyl) phthalate,plasticizer,artifact_suspect,aljoufi2022,01_resolved,pubchem,C24H38O4,390.56,390.277,6.43,52.6,0,4,14,1,1,0.667,28,0.343,1,no,0,-,-,CCCCC(CC)COC(=O)C1=CC=CC=C1C(=O)OCC(CC)CCCC
CID6781,diethyl phthalate,plasticizer,artifact_suspect,aljoufi2022,01_resolved,pubchem,C12H14O4,222.24,222.0892,2.04,52.6,0,4,4,1,1,0.333,16,0.731,0,yes,0,-,-,CCOC(=O)C1=CC=CC=C1C(=O)OCC
CID6046,N-nitrosomorpholine,nitrosamine,artifact_suspect,aljoufi2022,01_resolved,pubchem,C4H8N2O2,116.12,116.0586,0.0,41.9,0,3,1,1,0,1.0,8,0.453,0,yes,0,-,N-nitroso,C1COCCN1N=O
CID7018,anthrone,anthracene derivative,artifact_suspect,makhlouf2024,01_resolved,pubchem,C14H10O,194.23,194.0732,2.82,17.1,0,1,0,3,2,0.071,15,0.537,0,yes,0,-,-,C1C2=CC=CC=C2C(=O)C3=CC=CC=C31
CID8907,isopropyl palmitate,cosmetic ester,artifact_suspect,aljoufi2022,01_resolved,pubchem,C19H38O2,298.51,298.2872,6.42,26.3,0,2,15,0,0,0.947,21,0.257,1,no,0,-,Aliphatic_long_chain,CCCCCCCCCCCCCCCC(=O)OC(C)C
CID172431120,boussingoside E,30-nor-triterpenoid saponin,isolated,salaheldine2019,01_resolved,pubchem,C41H62O15,794.93,794.4089,0.91,253.1,9,14,7,7,0,0.854,56,0.099,3,no,2,-,isolated_alkene; saponine_derivative,C[C@]12CC[C@@H]([C@@](C1CC[C@@]3(C2CC=C4[C@]3(CC[C@@]5([C@H]4CC(=C)CC5)C(=O)O[C@H]6[C@@H]([C@H]([C@@H]([C@H](O6)CO)O)O)O)C)C)(C)CO)O[C@H]7[C@@H]([C@H]([C@@H]([C@H](O7)C(=O)O)O)O)O
CID5281643,quercetin 3-O-beta-D-galactoside,flavonol glycoside,isolated,jan2025,01_resolved,pubchem,C21H20O12,464.38,464.0955,-0.54,210.5,8,12,4,4,3,0.286,33,0.229,2,no,1,catechol_A(92),catechol,C1=CC(=C(C=C1C2=C(C(=O)C3=C(C=C(C=C3O2)O)O)O[C@H]4[C@@H]([C@H]([C@H]([C@H](O4)CO)O)O)O)O)O
CID5280459,quercitrin,flavonol glycoside,isolated,jan2025,01_resolved,pubchem,C21H20O11,448.38,448.1006,0.49,190.3,7,11,3,4,3,0.286,32,0.276,2,no,1,catechol_A(92),catechol,C[C@H]1[C@@H]([C@H]([C@H]([C@@H](O1)OC2=C(OC3=CC(=CC(=C3C2=O)O)O)C4=CC(=C(C=C4)O)O)O)O)O
CID2519,caffeine,purine alkaloid,artifact_suspect,gamal2022b,01_resolved,pubchem,C8H10N4O2,194.19,194.0804,-1.03,61.8,0,3,0,2,2,0.375,14,0.538,0,yes,0,-,-,CN1C=NC2=C1C(=O)N(C(=O)N2C)C
CID96009,4-acetoxyphenol,phenol,reported,gamal2022b,01_resolved,pubchem,C8H8O3,152.15,152.0473,1.32,46.5,1,3,1,1,1,0.125,11,0.487,0,yes,0,-,phenol_ester,CC(=O)OC1=CC=C(C=C1)O
AGL-1,oleanolic acid,oleanane / aglycone,isolated,metwally2012,01b_triterpenoids,constructed (01b),C30H48O3,456.71,456.3603,7.23,57.5,2,2,1,5,0,0.9,33,0.409,1,yes,0,-,isolated_alkene,CC1(C)CC[C@]2(C(=O)O)CC[C@]3(C)C(=CC[C@@H]4[C@@]5(C)CC[C@H](O)C(C)(C)[C@@H]5CC[C@]43C)[C@@H]2C1
AGL-2,"3beta-hydroxy-23-aldehyde-30-norolean-12,20(29)-dien-28-oic acid",30-nor-oleanane / aglycone,isolated,salaheldine2019;gamal2022,01b_triterpenoids,constructed (01b),C29H42O4,454.65,454.3083,5.94,74.6,2,3,2,5,0,0.793,33,0.4,1,yes,0,-,aldehyde; isolated_alkene,C=C1CC[C@]2(C(=O)O)CC[C@]3(C)C(=CC[C@@H]4[C@@]5(C)CC[C@H](O)C(C)(C=O)[C@@H]5CC[C@]43C)[C@@H]2C1
AGL-3,"30-norolean-12,20(29)-dien-28-oic acid (aglycone of compound 3)",30-nor-oleanane / aglycone,isolated,salaheldine2019,01b_triterpenoids,constructed (01b),C29H44O3,440.67,440.329,6.76,57.5,2,2,1,5,0,0.828,32,0.443,1,yes,0,-,isolated_alkene,C=C1CC[C@]2(C(=O)O)CC[C@]3(C)C(=CC[C@@H]4[C@@]5(C)CC[C@H](O)C(C)(C)[C@@H]5CC[C@]43C)[C@@H]2C1
AGL-4,"3beta,20alpha-dihydroxy-30-nor-olean-12-ene-23,28-dioic acid",30-nor-oleanane / aglycone,isolated,gamal2022,01b_triterpenoids,constructed (01b),C29H44O6,488.67,488.3138,5.02,115.1,4,4,2,5,0,0.862,35,0.406,1,yes,0,-,isolated_alkene,CC1(O)CC[C@]2(C(=O)O)CC[C@]3(C)C(=CC[C@@H]4[C@@]5(C)CC[C@H](O)C(C)(C(=O)O)[C@@H]5CC[C@]43C)[C@@H]2C1
AGL-5,3beta-hydroxy-23-aldehyde-lup-20(29)-en-28-oic acid,lupane / aglycone,isolated,gamal2022,01b_triterpenoids,constructed (01b),C30H46O4,470.69,470.3396,6.27,74.6,2,3,3,5,0,0.867,34,0.377,1,yes,0,-,aldehyde; isolated_alkene,C=C(C)[C@@H]1CC[C@]2(C(=O)O)CC[C@]3(C)[C@H](CC[C@@H]4[C@@]5(C)CC[C@H](O)C(C)(C=O)[C@@H]5CC[C@]43C)[C@@H]12
AGL-6,"3beta-hydroxy-lup-20(29)-ene-23,28-dioic acid",lupane / aglycone,isolated,gamal2022,01b_triterpenoids,constructed (01b),C30H46O5,486.69,486.3345,6.15,94.8,3,3,3,5,0,0.867,35,0.416,1,yes,0,-,isolated_alkene,C=C(C)[C@@H]1CC[C@]2(C(=O)O)CC[C@]3(C)[C@H](CC[C@@H]4[C@@]5(C)CC[C@H](O)C(C)(C(=O)O)[C@@H]5CC[C@]43C)[C@@H]12
AGL-7,betulinic acid (lupane reference parent),lupane / reference,not_reported_in_species,-,01b_triterpenoids,constructed (01b),C30H48O3,456.71,456.3603,7.09,57.5,2,2,2,5,0,0.9,33,0.436,1,yes,0,-,isolated_alkene,C=C(C)[C@@H]1CC[C@]2(C(=O)O)CC[C@]3(C)[C@H](CC[C@@H]4[C@@]5(C)CC[C@H](O)C(C)(C)[C@@H]5CC[C@]43C)[C@@H]12
SAP-1,oleanolic acid 3-O-beta-D-glucopyranoside,oleanane / monodesmoside,isolated,metwally2012,01b_triterpenoids,constructed (01b),C36H58O8,618.85,618.4132,5.06,136.7,5,7,4,6,0,0.917,44,0.218,2,yes,1,-,isolated_alkene; saponine_derivative,CC1(C)CC[C@]2(C(=O)O)CC[C@]3(C)C(=CC[C@@H]4[C@@]5(C)CC[C@H](O[C@@H]6O[C@H](CO)[C@@H](O)[C@H](O)[C@H]6O)C(C)(C)[C@@H]5CC[C@]43C)[C@@H]2C1
SAP-2,3-O-beta-D-glucopyranosyl-28-O-beta-D-xylopyranosyl oleanolic acid,oleanane / bidesmoside,isolated,metwally2012,01b_triterpenoids,constructed (01b),C41H66O12,750.97,750.4554,2.96,195.6,7,12,5,7,0,0.927,53,0.124,3,no,2,-,isolated_alkene; saponine_derivative,CC1(C)CC[C@]2(C(=O)O[C@@H]3OC[C@@H](O)[C@H](O)[C@H]3O)CC[C@]3(C)C(=CC[C@@H]4[C@@]5(C)CC[C@H](O[C@@H]6O[C@H](CO)[C@@H](O)[C@H](O)[C@H]6O)C(C)(C)[C@@H]5CC[C@]43C)[C@@H]2C1
SAP-3,"3beta-hydroxy-23-aldehyde-30-norolean-12,20(29)-dien-28-oic acid 28-O-beta-D-glucopyranosyl ester (compound 1)",30-nor-oleanane / monodesmoside,isolated,salaheldine2019,01b_triterpenoids,constructed (01b),C35H52O9,616.79,616.3611,3.2,153.8,5,9,4,6,0,0.829,44,0.182,1,no,1,-,aldehyde; isolated_alkene,C=C1CC[C@]2(C(=O)O[C@@H]3O[C@H](CO)[C@@H](O)[C@H](O)[C@H]3O)CC[C@]3(C)C(=CC[C@@H]4[C@@]5(C)CC[C@H](O)C(C)(C=O)[C@@H]5CC[C@]43C)[C@@H]2C1
SAP-4,"3beta-O-D-galactopyranosyl-23-aldehyde-30-norolean-12,20(29)-dien-28-oic acid 28-O-beta-D-glucopyranosyl ester (compound 2)",30-nor-oleanane / bidesmoside,isolated,salaheldine2019,01b_triterpenoids,constructed (01b),C41H62O14,778.93,778.414,1.03,232.9,8,14,7,7,0,0.854,55,0.078,3,no,2,-,aldehyde; isolated_alkene; saponine_derivative,C=C1CC[C@]2(C(=O)O[C@@H]3O[C@H](CO)[C@@H](O)[C@H](O)[C@H]3O)CC[C@]3(C)C(=CC[C@@H]4[C@@]5(C)CC[C@H](O[C@@H]6O[C@H](CO)[C@H](O)[C@H](O)[C@H]6O)C(C)(C=O)[C@@H]5CC[C@]43C)[C@@H]2C1
SAP-5,"3beta-O-D-xylopyranosyl-30-norolean-12,20(29)-dien-28-oic acid 28-O-beta-D-glucopyranosyl ester (compound 3)",30-nor-oleanane / bidesmoside,isolated,salaheldine2019,01b_triterpenoids,constructed (01b),C40H62O12,734.92,734.4241,2.49,195.6,7,12,5,7,0,0.875,52,0.124,3,no,2,-,isolated_alkene; saponine_derivative,C=C1CC[C@]2(C(=O)O[C@@H]3O[C@H](CO)[C@@H](O)[C@H](O)[C@H]3O)CC[C@]3(C)C(=CC[C@@H]4[C@@]5(C)CC[C@H](O[C@@H]6OC[C@@H](O)[C@H](O)[C@H]6O)C(C)(C)[C@@H]5CC[C@]43C)[C@@H]2C1
SAP-6,"3beta-hydroxy-lup-20(29)-ene-23,28-dioic acid 23-O-beta-D-glucopyranosyl ester (compound 5)",lupane / monodesmoside,isolated,gamal2022,01b_triterpenoids,constructed (01b),C36H56O10,648.83,648.3873,3.41,174.0,6,9,5,6,0,0.889,46,0.192,2,no,1,-,isolated_alkene,C=C(C)[C@@H]1CC[C@]2(C(=O)O)CC[C@]3(C)[C@H](CC[C@@H]4[C@@]5(C)CC[C@H](O)C(C)(C(=O)O[C@@H]6O[C@H](CO)[C@@H](O)[C@H](O)[C@H]6O)[C@@H]5CC[C@]43C)[C@@H]12
SAP-7,"3-O-beta-D-glucuronopyranosyl-lup-20(29)-ene-23,28-dioic acid 28-O-beta-D-glucopyranosyl ester (compound 6)",lupane / bidesmoside,isolated,gamal2022,01b_triterpenoids,constructed (01b),C42H64O16,824.96,824.4194,1.33,270.2,9,14,8,7,0,0.881,58,0.095,3,no,2,-,isolated_alkene; saponine_derivative,C=C(C)[C@@H]1CC[C@]2(C(=O)O[C@@H]3O[C@H](CO)[C@@H](O)[C@H](O)[C@H]3O)CC[C@]3(C)[C@H](CC[C@@H]4[C@@]5(C)CC[C@H](O[C@@H]6O[C@H](C(=O)O)[C@@H](O)[C@H](O)[C@H]6O)C(C)(C(=O)O)[C@@H]5CC[C@]43C)[C@@H]12
SAP-8,3-O-beta-D-glucuronopyranosyl-lup-20(29)-ene-23-aldehyde-28-oic acid 28-O-beta-D-glucopyranosyl ester (compound 7),lupane / bidesmoside,isolated,gamal2022,01b_triterpenoids,constructed (01b),C42H64O15,808.96,808.4245,1.44,250.0,8,14,8,7,0,0.881,57,0.075,3,no,2,-,aldehyde; isolated_alkene; saponine_derivative,C=C(C)[C@@H]1CC[C@]2(C(=O)O[C@@H]3O[C@H](CO)[C@@H](O)[C@H](O)[C@H]3O)CC[C@]3(C)[C@H](CC[C@@H]4[C@@]5(C)CC[C@H](O[C@@H]6O[C@H](C(=O)O)[C@@H](O)[C@H](O)[C@H]6O)C(C)(C=O)[C@@H]5CC[C@]43C)[C@@H]12
