target,target_name,ligand,ligand_class,vina_kcal_mol,rot_bonds,heavy_atoms,ligand_efficiency,control_rmsd_A,target_run_valid,flag
4GQR,human pancreatic alpha-amylase,"CONTROL MYC (crystal ligand, re-docked)",positive control,-7.598,1,23,0.33,0.81,True,
4GQR,human pancreatic alpha-amylase,AGL-1 oleanolic acid,plant triterpenoid aglycone,-9.307,1,33,0.282,0.81,True,
4GQR,human pancreatic alpha-amylase,AGL-2 23-al-30-nor-oleanadienoic acid,plant triterpenoid aglycone,-9.311,2,33,0.282,0.81,True,
4GQR,human pancreatic alpha-amylase,AGL-3 30-nor-oleanadienoic acid,plant triterpenoid aglycone,-9.935,1,32,0.31,0.81,True,
4GQR,human pancreatic alpha-amylase,"AGL-4 20-OH-30-nor-oleanene-23,28-dioic acid",plant triterpenoid aglycone,-9.059,2,35,0.259,0.81,True,
4GQR,human pancreatic alpha-amylase,AGL-5 23-al-lupenoic acid,plant triterpenoid aglycone,-8.452,3,34,0.249,0.81,True,
4GQR,human pancreatic alpha-amylase,"AGL-6 lupene-23,28-dioic acid",plant triterpenoid aglycone,-8.86,3,35,0.253,0.81,True,
4GQR,human pancreatic alpha-amylase,SAP-3 nor-saponin (PPARa 2.25-fold),plant saponin,-9.666,4,44,0.22,0.81,True,
4GQR,human pancreatic alpha-amylase,SAP-6 lupane 23-O-Glc ester,plant saponin,-8.939,5,46,0.194,0.81,True,
4GQR,human pancreatic alpha-amylase,quercetin,plant phenolic,-8.196,1,22,0.373,0.81,True,
4GQR,human pancreatic alpha-amylase,myricetin,plant phenolic,-7.744,1,23,0.337,0.81,True,
4GQR,human pancreatic alpha-amylase,kaempferol,plant phenolic,-8.09,1,21,0.385,0.81,True,
4GQR,human pancreatic alpha-amylase,catechin,plant phenolic,-8.435,1,21,0.402,0.81,True,
4GQR,human pancreatic alpha-amylase,chlorogenic acid,plant phenolic,-7.689,4,25,0.308,0.81,True,
4GQR,human pancreatic alpha-amylase,gallic acid,plant phenolic,-5.365,1,12,0.447,0.81,True,
4GQR,human pancreatic alpha-amylase,REF acarbose (amylase drug),reference drug,-7.36,12,55,0.134,0.81,True,12 rotatable bonds: Vina score not interpretable
4GQR,human pancreatic alpha-amylase,REF fenofibric acid (PPARa drug),reference drug,-7.425,5,22,0.337,0.81,True,
4GQR,human pancreatic alpha-amylase,REF GW7647 (PPARa agonist),reference drug,-6.894,13,29,0.238,0.81,True,13 rotatable bonds: Vina score not interpretable
4GQR,human pancreatic alpha-amylase,"NEG betaine (osmolyte, expect no fit)",negative control,-3.186,2,8,0.398,0.81,True,
2P54,human PPARalpha ligand-binding domain,"CONTROL 735 (crystal ligand, re-docked)",positive control,-10.665,7,33,0.323,1.17,True,
2P54,human PPARalpha ligand-binding domain,AGL-1 oleanolic acid,plant triterpenoid aglycone,2.125,1,33,-0.064,1.17,True,
2P54,human PPARalpha ligand-binding domain,AGL-2 23-al-30-nor-oleanadienoic acid,plant triterpenoid aglycone,2.043,2,33,-0.062,1.17,True,
2P54,human PPARalpha ligand-binding domain,AGL-3 30-nor-oleanadienoic acid,plant triterpenoid aglycone,1.112,1,32,-0.035,1.17,True,
2P54,human PPARalpha ligand-binding domain,"AGL-4 20-OH-30-nor-oleanene-23,28-dioic acid",plant triterpenoid aglycone,0.89,2,35,-0.025,1.17,True,
2P54,human PPARalpha ligand-binding domain,AGL-5 23-al-lupenoic acid,plant triterpenoid aglycone,-1.527,3,34,0.045,1.17,True,
2P54,human PPARalpha ligand-binding domain,"AGL-6 lupene-23,28-dioic acid",plant triterpenoid aglycone,-0.439,3,35,0.013,1.17,True,
2P54,human PPARalpha ligand-binding domain,SAP-3 nor-saponin (PPARa 2.25-fold),plant saponin,0.65,4,44,-0.015,1.17,True,
2P54,human PPARalpha ligand-binding domain,SAP-6 lupane 23-O-Glc ester,plant saponin,-2.111,5,46,0.046,1.17,True,
2P54,human PPARalpha ligand-binding domain,quercetin,plant phenolic,-7.812,1,22,0.355,1.17,True,
2P54,human PPARalpha ligand-binding domain,myricetin,plant phenolic,-7.655,1,23,0.333,1.17,True,
2P54,human PPARalpha ligand-binding domain,kaempferol,plant phenolic,-7.808,1,21,0.372,1.17,True,
2P54,human PPARalpha ligand-binding domain,catechin,plant phenolic,-7.172,1,21,0.342,1.17,True,
2P54,human PPARalpha ligand-binding domain,chlorogenic acid,plant phenolic,-7.61,4,25,0.304,1.17,True,
2P54,human PPARalpha ligand-binding domain,gallic acid,plant phenolic,-5.635,1,12,0.47,1.17,True,
2P54,human PPARalpha ligand-binding domain,REF acarbose (amylase drug),reference drug,-4.541,12,55,0.083,1.17,True,12 rotatable bonds: Vina score not interpretable
2P54,human PPARalpha ligand-binding domain,REF fenofibric acid (PPARa drug),reference drug,-7.349,5,22,0.334,1.17,True,
2P54,human PPARalpha ligand-binding domain,REF GW7647 (PPARa agonist),reference drug,-7.569,13,29,0.261,1.17,True,13 rotatable bonds: Vina score not interpretable
2P54,human PPARalpha ligand-binding domain,"NEG betaine (osmolyte, expect no fit)",negative control,-3.823,2,8,0.478,1.17,True,
