aglycone_id,aglycone_name,skeleton,aglycone_source_key,residues,n_sugars,formula,neutral_mass,status,published_as,ms2_y_ions_neg,[M-H]-,[M+HCOO]-,[M+Cl]-,[M+Na-2H]-,[M+H]+,[M+Na]+,[M+K]+,[M+NH4]+
AGL-1,oleanolic acid,oleanane,metwally2012,,0,C30H48O3,456.3603,aglycone,,,455.3531,501.3585,491.3297,477.335,457.3676,479.3496,495.3235,474.3947
AGL-1,oleanolic acid,oleanane,metwally2012,dHex1,1,C36H58O7,602.4183,predicted,,-dHex: 455.3531,601.411,647.4165,637.3877,623.3929,603.4255,625.4075,641.3814,620.4526
AGL-1,oleanolic acid,oleanane,metwally2012,GlcA1,1,C36H56O9,632.3924,predicted,,-GlcA: 455.3531,631.3852,677.3906,667.3618,653.3671,633.3997,655.3817,671.3556,650.4268
AGL-1,oleanolic acid,oleanane,metwally2012,GlcA1dHex1,2,C42H66O13,778.4503,predicted,,-dHex: 631.3852 | -GlcA: 455.3531,777.4431,823.4485,813.4197,799.425,779.4576,801.4396,817.4135,796.4847
AGL-1,oleanolic acid,oleanane,metwally2012,Pen1,1,C35H56O7,588.4026,predicted,,-Pen: 455.3531,587.3953,633.4008,623.372,609.3773,589.4099,611.3918,627.3658,606.437
AGL-1,oleanolic acid,oleanane,metwally2012,Pen1dHex1,2,C41H66O11,734.4605,predicted,,-dHex: 587.3953 | -Pen: 455.3531,733.4532,779.4587,769.4299,755.4352,735.4678,757.4497,773.4237,752.4949
AGL-1,oleanolic acid,oleanane,metwally2012,GlcA1Pen1,2,C41H64O13,764.4347,predicted,,-Pen: 631.3852 | -GlcA: 455.3531,763.4274,809.4329,799.4041,785.4094,765.442,787.4239,803.3979,782.4691
AGL-1,oleanolic acid,oleanane,metwally2012,GlcA1Pen1dHex1,3,C47H74O17,910.4926,predicted,,-dHex: 763.4274 | -Pen: 631.3852 | -GlcA: 455.3531,909.4853,955.4908,945.462,931.4673,911.4999,933.4818,949.4558,928.527
AGL-1,oleanolic acid,oleanane,metwally2012,Pen2,2,C40H64O11,720.4449,predicted,,-Pen: 587.3953 | -Pen: 455.3531,719.4376,765.4431,755.4143,741.4195,721.4521,743.4341,759.408,738.4792
AGL-1,oleanolic acid,oleanane,metwally2012,Pen2dHex1,3,C46H74O15,866.5028,predicted,,-dHex: 719.4376 | -Pen: 587.3953 | -Pen: 455.3531,865.4955,911.501,901.4722,887.4774,867.51,889.492,905.4659,884.5371
AGL-1,oleanolic acid,oleanane,metwally2012,GlcA1Pen2,3,C46H72O17,896.477,predicted,,-Pen: 763.4274 | -Pen: 631.3852 | -GlcA: 455.3531,895.4697,941.4752,931.4464,917.4516,897.4842,919.4662,935.4401,914.5113
AGL-1,oleanolic acid,oleanane,metwally2012,GlcA1Pen2dHex1,4,C52H82O21,1042.5349,predicted,,-dHex: 895.4697 | -Pen: 763.4274 | -Pen: 631.3852 | -GlcA: 455.3531,1041.5276,1087.5331,1077.5043,1063.5095,1043.5421,1065.5241,1081.498,1060.5692
AGL-1,oleanolic acid,oleanane,metwally2012,Hex1,1,C36H58O8,618.4132,published,metwally2012 (oleanolic acid 3-O-Glc),-Hex: 455.3531,617.4059,663.4114,653.3826,639.3878,619.4204,641.4024,657.3763,636.4475
AGL-1,oleanolic acid,oleanane,metwally2012,Hex1dHex1,2,C42H68O12,764.4711,predicted,,-Hex: 601.4110 | -dHex: 455.3531,763.4638,809.4693,799.4405,785.4457,765.4784,787.4603,803.4342,782.5055
AGL-1,oleanolic acid,oleanane,metwally2012,GlcA1Hex1,2,C42H66O14,794.4453,predicted,,-Hex: 631.3852 | -GlcA: 455.3531,793.438,839.4435,829.4147,815.4199,795.4525,817.4345,833.4084,812.4796
AGL-1,oleanolic acid,oleanane,metwally2012,GlcA1Hex1dHex1,3,C48H76O18,940.5032,predicted,,-Hex: 777.4431 | -dHex: 631.3852 | -GlcA: 455.3531,939.4959,985.5014,975.4726,961.4778,941.5104,963.4924,979.4663,958.5375
AGL-1,oleanolic acid,oleanane,metwally2012,Hex1Pen1,2,C41H66O12,750.4554,published,metwally2012 (3-O-Glc-28-O-Xyl),-Hex: 587.3953 | -Pen: 455.3531,749.4482,795.4536,785.4248,771.4301,751.4627,773.4446,789.4186,768.4898
AGL-1,oleanolic acid,oleanane,metwally2012,Hex1Pen1dHex1,3,C47H76O16,896.5133,predicted,,-Hex: 733.4532 | -dHex: 587.3953 | -Pen: 455.3531,895.5061,941.5115,931.4827,917.488,897.5206,919.5026,935.4765,914.5477
AGL-1,oleanolic acid,oleanane,metwally2012,GlcA1Hex1Pen1,3,C47H74O18,926.4875,predicted,,-Hex: 763.4274 | -Pen: 631.3852 | -GlcA: 455.3531,925.4802,971.4857,961.4569,947.4622,927.4948,949.4767,965.4507,944.5219
AGL-1,oleanolic acid,oleanane,metwally2012,GlcA1Hex1Pen1dHex1,4,C53H84O22,1072.5454,predicted,,-Hex: 909.4853 | -dHex: 763.4274 | -Pen: 631.3852 | -GlcA: 455.3531,1071.5381,1117.5436,1107.5148,1093.5201,1073.5527,1095.5346,1111.5086,1090.5798
AGL-1,oleanolic acid,oleanane,metwally2012,Hex1Pen2,3,C46H74O16,882.4977,predicted,,-Hex: 719.4376 | -Pen: 587.3953 | -Pen: 455.3531,881.4904,927.4959,917.4671,903.4724,883.505,905.4869,921.4608,900.5321
AGL-1,oleanolic acid,oleanane,metwally2012,Hex1Pen2dHex1,4,C52H84O20,1028.5556,predicted,,-Hex: 865.4955 | -dHex: 719.4376 | -Pen: 587.3953 | -Pen: 455.3531,1027.5483,1073.5538,1063.525,1049.5303,1029.5629,1051.5448,1067.5188,1046.59
AGL-1,oleanolic acid,oleanane,metwally2012,GlcA1Hex1Pen2,4,C52H82O22,1058.5298,predicted,,-Hex: 895.4697 | -Pen: 763.4274 | -Pen: 631.3852 | -GlcA: 455.3531,1057.5225,1103.528,1093.4992,1079.5044,1059.5371,1081.519,1097.4929,1076.5641
AGL-1,oleanolic acid,oleanane,metwally2012,Hex2,2,C42H68O13,780.466,predicted,,-Hex: 617.4059 | -Hex: 455.3531,779.4587,825.4642,815.4354,801.4407,781.4733,803.4552,819.4292,798.5004
AGL-1,oleanolic acid,oleanane,metwally2012,Hex2dHex1,3,C48H78O17,926.5239,predicted,,-Hex: 763.4638 | -Hex: 601.4110 | -dHex: 455.3531,925.5166,971.5221,961.4933,947.4986,927.5312,949.5131,965.4871,944.5583
AGL-1,oleanolic acid,oleanane,metwally2012,GlcA1Hex2,3,C48H76O19,956.4981,predicted,,-Hex: 793.4380 | -Hex: 631.3852 | -GlcA: 455.3531,955.4908,1001.4963,991.4675,977.4727,957.5054,979.4873,995.4612,974.5325
AGL-1,oleanolic acid,oleanane,metwally2012,GlcA1Hex2dHex1,4,C54H86O23,1102.556,predicted,,-Hex: 939.4959 | -Hex: 777.4431 | -dHex: 631.3852 | -GlcA: 455.3531,1101.5487,1147.5542,1137.5254,1123.5307,1103.5633,1125.5452,1141.5191,1120.5904
AGL-1,oleanolic acid,oleanane,metwally2012,Hex2Pen1,3,C47H76O17,912.5083,predicted,,-Hex: 749.4482 | -Hex: 587.3953 | -Pen: 455.3531,911.501,957.5065,947.4777,933.4829,913.5155,935.4975,951.4714,930.5426
AGL-1,oleanolic acid,oleanane,metwally2012,Hex2Pen1dHex1,4,C53H86O21,1058.5662,predicted,,-Hex: 895.5061 | -Hex: 733.4532 | -dHex: 587.3953 | -Pen: 455.3531,1057.5589,1103.5644,1093.5356,1079.5408,1059.5734,1081.5554,1097.5293,1076.6005
AGL-1,oleanolic acid,oleanane,metwally2012,GlcA1Hex2Pen1,4,C53H84O23,1088.5403,predicted,,-Hex: 925.4802 | -Hex: 763.4274 | -Pen: 631.3852 | -GlcA: 455.3531,1087.5331,1133.5385,1123.5097,1109.515,1089.5476,1111.5296,1127.5035,1106.5747
AGL-1,oleanolic acid,oleanane,metwally2012,Hex2Pen2,4,C52H84O21,1044.5505,predicted,,-Hex: 881.4904 | -Hex: 719.4376 | -Pen: 587.3953 | -Pen: 455.3531,1043.5432,1089.5487,1079.5199,1065.5252,1045.5578,1067.5397,1083.5137,1062.5849
AGL-1,oleanolic acid,oleanane,metwally2012,Hex3,3,C48H78O18,942.5188,predicted,,-Hex: 779.4587 | -Hex: 617.4059 | -Hex: 455.3531,941.5115,987.517,977.4882,963.4935,943.5261,965.508,981.482,960.5532
AGL-1,oleanolic acid,oleanane,metwally2012,Hex3dHex1,4,C54H88O22,1088.5767,predicted,,-Hex: 925.5166 | -Hex: 763.4638 | -Hex: 601.4110 | -dHex: 455.3531,1087.5694,1133.5749,1123.5461,1109.5514,1089.584,1111.5659,1127.5399,1106.6111
AGL-1,oleanolic acid,oleanane,metwally2012,GlcA1Hex3,4,C54H86O24,1118.5509,predicted,,-Hex: 955.4908 | -Hex: 793.4380 | -Hex: 631.3852 | -GlcA: 455.3531,1117.5436,1163.5491,1153.5203,1139.5256,1119.5582,1141.5401,1157.5141,1136.5853
AGL-1,oleanolic acid,oleanane,metwally2012,Hex3Pen1,4,C53H86O22,1074.5611,predicted,,-Hex: 911.5010 | -Hex: 749.4482 | -Hex: 587.3953 | -Pen: 455.3531,1073.5538,1119.5593,1109.5305,1095.5357,1075.5684,1097.5503,1113.5242,1092.5954
AGL-2,"3beta-hydroxy-23-aldehyde-30-norolean-12,20(29)-dien-28-oic acid",30-nor-oleanane,salaheldine2019;gamal2022,,0,C29H42O4,454.3083,aglycone,,,453.301,499.3065,489.2777,475.283,455.3156,477.2975,493.2715,472.3427
AGL-2,"3beta-hydroxy-23-aldehyde-30-norolean-12,20(29)-dien-28-oic acid",30-nor-oleanane,salaheldine2019;gamal2022,dHex1,1,C35H52O8,600.3662,predicted,,-dHex: 453.3010,599.3589,645.3644,635.3356,621.3409,601.3735,623.3554,639.3294,618.4006
AGL-2,"3beta-hydroxy-23-aldehyde-30-norolean-12,20(29)-dien-28-oic acid",30-nor-oleanane,salaheldine2019;gamal2022,GlcA1,1,C35H50O10,630.3404,predicted,,-GlcA: 453.3010,629.3331,675.3386,665.3098,651.3151,631.3477,653.3296,669.3036,648.3748
AGL-2,"3beta-hydroxy-23-aldehyde-30-norolean-12,20(29)-dien-28-oic acid",30-nor-oleanane,salaheldine2019;gamal2022,GlcA1dHex1,2,C41H60O14,776.3983,predicted,,-dHex: 629.3331 | -GlcA: 453.3010,775.391,821.3965,811.3677,797.373,777.4056,799.3875,815.3615,794.4327
AGL-2,"3beta-hydroxy-23-aldehyde-30-norolean-12,20(29)-dien-28-oic acid",30-nor-oleanane,salaheldine2019;gamal2022,Pen1,1,C34H50O8,586.3506,predicted,,-Pen: 453.3010,585.3433,631.3488,621.32,607.3252,587.3578,609.3398,625.3137,604.3849
AGL-2,"3beta-hydroxy-23-aldehyde-30-norolean-12,20(29)-dien-28-oic acid",30-nor-oleanane,salaheldine2019;gamal2022,Pen1dHex1,2,C40H60O12,732.4085,predicted,,-dHex: 585.3433 | -Pen: 453.3010,731.4012,777.4067,767.3779,753.3831,733.4158,755.3977,771.3716,750.4429
AGL-2,"3beta-hydroxy-23-aldehyde-30-norolean-12,20(29)-dien-28-oic acid",30-nor-oleanane,salaheldine2019;gamal2022,GlcA1Pen1,2,C40H58O14,762.3827,predicted,,-Pen: 629.3331 | -GlcA: 453.3010,761.3754,807.3809,797.3521,783.3573,763.3899,785.3719,801.3458,780.417
AGL-2,"3beta-hydroxy-23-aldehyde-30-norolean-12,20(29)-dien-28-oic acid",30-nor-oleanane,salaheldine2019;gamal2022,GlcA1Pen1dHex1,3,C46H68O18,908.4406,predicted,,-dHex: 761.3754 | -Pen: 629.3331 | -GlcA: 453.3010,907.4333,953.4388,943.41,929.4152,909.4478,931.4298,947.4037,926.4749
AGL-2,"3beta-hydroxy-23-aldehyde-30-norolean-12,20(29)-dien-28-oic acid",30-nor-oleanane,salaheldine2019;gamal2022,Pen2,2,C39H58O12,718.3928,predicted,,-Pen: 585.3433 | -Pen: 453.3010,717.3856,763.391,753.3622,739.3675,719.4001,741.382,757.356,736.4272
AGL-2,"3beta-hydroxy-23-aldehyde-30-norolean-12,20(29)-dien-28-oic acid",30-nor-oleanane,salaheldine2019;gamal2022,Pen2dHex1,3,C45H68O16,864.4507,predicted,,-dHex: 717.3856 | -Pen: 585.3433 | -Pen: 453.3010,863.4435,909.4489,899.4201,885.4254,865.458,887.44,903.4139,882.4851
AGL-2,"3beta-hydroxy-23-aldehyde-30-norolean-12,20(29)-dien-28-oic acid",30-nor-oleanane,salaheldine2019;gamal2022,GlcA1Pen2,3,C45H66O18,894.4249,predicted,,-Pen: 761.3754 | -Pen: 629.3331 | -GlcA: 453.3010,893.4176,939.4231,929.3943,915.3996,895.4322,917.4141,933.3881,912.4593
AGL-2,"3beta-hydroxy-23-aldehyde-30-norolean-12,20(29)-dien-28-oic acid",30-nor-oleanane,salaheldine2019;gamal2022,GlcA1Pen2dHex1,4,C51H76O22,1040.4828,predicted,,-dHex: 893.4176 | -Pen: 761.3754 | -Pen: 629.3331 | -GlcA: 453.3010,1039.4755,1085.481,1075.4522,1061.4575,1041.4901,1063.472,1079.446,1058.5172
AGL-2,"3beta-hydroxy-23-aldehyde-30-norolean-12,20(29)-dien-28-oic acid",30-nor-oleanane,salaheldine2019;gamal2022,Hex1,1,C35H52O9,616.3611,published,salaheldine2019 cpd 1 (28-O-Glc ester),-Hex: 453.3010,615.3539,661.3593,651.3305,637.3358,617.3684,639.3504,655.3243,634.3955
AGL-2,"3beta-hydroxy-23-aldehyde-30-norolean-12,20(29)-dien-28-oic acid",30-nor-oleanane,salaheldine2019;gamal2022,Hex1dHex1,2,C41H62O13,762.419,predicted,,-Hex: 599.3589 | -dHex: 453.3010,761.4118,807.4172,797.3884,783.3937,763.4263,785.4083,801.3822,780.4534
AGL-2,"3beta-hydroxy-23-aldehyde-30-norolean-12,20(29)-dien-28-oic acid",30-nor-oleanane,salaheldine2019;gamal2022,GlcA1Hex1,2,C41H60O15,792.3932,predicted,,-Hex: 629.3331 | -GlcA: 453.3010,791.3859,837.3914,827.3626,813.3679,793.4005,815.3824,831.3564,810.4276
AGL-2,"3beta-hydroxy-23-aldehyde-30-norolean-12,20(29)-dien-28-oic acid",30-nor-oleanane,salaheldine2019;gamal2022,GlcA1Hex1dHex1,3,C47H70O19,938.4511,predicted,,-Hex: 775.3910 | -dHex: 629.3331 | -GlcA: 453.3010,937.4439,983.4493,973.4205,959.4258,939.4584,961.4404,977.4143,956.4855
AGL-2,"3beta-hydroxy-23-aldehyde-30-norolean-12,20(29)-dien-28-oic acid",30-nor-oleanane,salaheldine2019;gamal2022,Hex1Pen1,2,C40H60O13,748.4034,predicted,,-Hex: 585.3433 | -Pen: 453.3010,747.3961,793.4016,783.3728,769.3781,749.4107,771.3926,787.3666,766.4378
AGL-2,"3beta-hydroxy-23-aldehyde-30-norolean-12,20(29)-dien-28-oic acid",30-nor-oleanane,salaheldine2019;gamal2022,Hex1Pen1dHex1,3,C46H70O17,894.4613,predicted,,-Hex: 731.4012 | -dHex: 585.3433 | -Pen: 453.3010,893.454,939.4595,929.4307,915.436,895.4686,917.4505,933.4245,912.4957
AGL-2,"3beta-hydroxy-23-aldehyde-30-norolean-12,20(29)-dien-28-oic acid",30-nor-oleanane,salaheldine2019;gamal2022,GlcA1Hex1Pen1,3,C46H68O19,924.4355,predicted,,-Hex: 761.3754 | -Pen: 629.3331 | -GlcA: 453.3010,923.4282,969.4337,959.4049,945.4101,925.4428,947.4247,963.3986,942.4699
AGL-2,"3beta-hydroxy-23-aldehyde-30-norolean-12,20(29)-dien-28-oic acid",30-nor-oleanane,salaheldine2019;gamal2022,GlcA1Hex1Pen1dHex1,4,C52H78O23,1070.4934,predicted,,-Hex: 907.4333 | -dHex: 761.3754 | -Pen: 629.3331 | -GlcA: 453.3010,1069.4861,1115.4916,1105.4628,1091.4681,1071.5007,1093.4826,1109.4565,1088.5278
AGL-2,"3beta-hydroxy-23-aldehyde-30-norolean-12,20(29)-dien-28-oic acid",30-nor-oleanane,salaheldine2019;gamal2022,Hex1Pen2,3,C45H68O17,880.4457,predicted,,-Hex: 717.3856 | -Pen: 585.3433 | -Pen: 453.3010,879.4384,925.4439,915.4151,901.4203,881.4529,903.4349,919.4088,898.48
AGL-2,"3beta-hydroxy-23-aldehyde-30-norolean-12,20(29)-dien-28-oic acid",30-nor-oleanane,salaheldine2019;gamal2022,Hex1Pen2dHex1,4,C51H78O21,1026.5036,predicted,,-Hex: 863.4435 | -dHex: 717.3856 | -Pen: 585.3433 | -Pen: 453.3010,1025.4963,1071.5018,1061.473,1047.4782,1027.5108,1049.4928,1065.4667,1044.5379
AGL-2,"3beta-hydroxy-23-aldehyde-30-norolean-12,20(29)-dien-28-oic acid",30-nor-oleanane,salaheldine2019;gamal2022,GlcA1Hex1Pen2,4,C51H76O23,1056.4777,predicted,,-Hex: 893.4176 | -Pen: 761.3754 | -Pen: 629.3331 | -GlcA: 453.3010,1055.4705,1101.4759,1091.4471,1077.4524,1057.485,1079.467,1095.4409,1074.5121
AGL-2,"3beta-hydroxy-23-aldehyde-30-norolean-12,20(29)-dien-28-oic acid",30-nor-oleanane,salaheldine2019;gamal2022,Hex2,2,C41H62O14,778.414,published,"salaheldine2019 cpd 2 (3-O-Gal, 28-O-Glc)",-Hex: 615.3539 | -Hex: 453.3010,777.4067,823.4122,813.3834,799.3886,779.4212,801.4032,817.3771,796.4483
AGL-2,"3beta-hydroxy-23-aldehyde-30-norolean-12,20(29)-dien-28-oic acid",30-nor-oleanane,salaheldine2019;gamal2022,Hex2dHex1,3,C47H72O18,924.4719,predicted,,-Hex: 761.4118 | -Hex: 599.3589 | -dHex: 453.3010,923.4646,969.4701,959.4413,945.4465,925.4791,947.4611,963.435,942.5062
AGL-2,"3beta-hydroxy-23-aldehyde-30-norolean-12,20(29)-dien-28-oic acid",30-nor-oleanane,salaheldine2019;gamal2022,GlcA1Hex2,3,C47H70O20,954.446,predicted,,-Hex: 791.3859 | -Hex: 629.3331 | -GlcA: 453.3010,953.4388,999.4442,989.4154,975.4207,955.4533,977.4353,993.4092,972.4804
AGL-2,"3beta-hydroxy-23-aldehyde-30-norolean-12,20(29)-dien-28-oic acid",30-nor-oleanane,salaheldine2019;gamal2022,GlcA1Hex2dHex1,4,C53H80O24,1100.504,predicted,,-Hex: 937.4439 | -Hex: 775.3910 | -dHex: 629.3331 | -GlcA: 453.3010,1099.4967,1145.5022,1135.4734,1121.4786,1101.5112,1123.4932,1139.4671,1118.5383
AGL-2,"3beta-hydroxy-23-aldehyde-30-norolean-12,20(29)-dien-28-oic acid",30-nor-oleanane,salaheldine2019;gamal2022,Hex2Pen1,3,C46H70O18,910.4562,predicted,,-Hex: 747.3961 | -Hex: 585.3433 | -Pen: 453.3010,909.4489,955.4544,945.4256,931.4309,911.4635,933.4454,949.4194,928.4906
AGL-2,"3beta-hydroxy-23-aldehyde-30-norolean-12,20(29)-dien-28-oic acid",30-nor-oleanane,salaheldine2019;gamal2022,Hex2Pen1dHex1,4,C52H80O22,1056.5141,predicted,,-Hex: 893.4540 | -Hex: 731.4012 | -dHex: 585.3433 | -Pen: 453.3010,1055.5068,1101.5123,1091.4835,1077.4888,1057.5214,1079.5033,1095.4773,1074.5485
AGL-2,"3beta-hydroxy-23-aldehyde-30-norolean-12,20(29)-dien-28-oic acid",30-nor-oleanane,salaheldine2019;gamal2022,GlcA1Hex2Pen1,4,C52H78O24,1086.4883,predicted,,-Hex: 923.4282 | -Hex: 761.3754 | -Pen: 629.3331 | -GlcA: 453.3010,1085.481,1131.4865,1121.4577,1107.463,1087.4956,1109.4775,1125.4515,1104.5227
AGL-2,"3beta-hydroxy-23-aldehyde-30-norolean-12,20(29)-dien-28-oic acid",30-nor-oleanane,salaheldine2019;gamal2022,Hex2Pen2,4,C51H78O22,1042.4985,predicted,,-Hex: 879.4384 | -Hex: 717.3856 | -Pen: 585.3433 | -Pen: 453.3010,1041.4912,1087.4967,1077.4679,1063.4731,1043.5058,1065.4877,1081.4616,1060.5328
AGL-2,"3beta-hydroxy-23-aldehyde-30-norolean-12,20(29)-dien-28-oic acid",30-nor-oleanane,salaheldine2019;gamal2022,Hex3,3,C47H72O19,940.4668,predicted,,-Hex: 777.4067 | -Hex: 615.3539 | -Hex: 453.3010,939.4595,985.465,975.4362,961.4414,941.4741,963.456,979.4299,958.5012
AGL-2,"3beta-hydroxy-23-aldehyde-30-norolean-12,20(29)-dien-28-oic acid",30-nor-oleanane,salaheldine2019;gamal2022,Hex3dHex1,4,C53H82O23,1086.5247,predicted,,-Hex: 923.4646 | -Hex: 761.4118 | -Hex: 599.3589 | -dHex: 453.3010,1085.5174,1131.5229,1121.4941,1107.4994,1087.532,1109.5139,1125.4878,1104.5591
AGL-2,"3beta-hydroxy-23-aldehyde-30-norolean-12,20(29)-dien-28-oic acid",30-nor-oleanane,salaheldine2019;gamal2022,GlcA1Hex3,4,C53H80O25,1116.4989,predicted,,-Hex: 953.4388 | -Hex: 791.3859 | -Hex: 629.3331 | -GlcA: 453.3010,1115.4916,1161.4971,1151.4683,1137.4735,1117.5061,1139.4881,1155.462,1134.5332
AGL-2,"3beta-hydroxy-23-aldehyde-30-norolean-12,20(29)-dien-28-oic acid",30-nor-oleanane,salaheldine2019;gamal2022,Hex3Pen1,4,C52H80O23,1072.509,predicted,,-Hex: 909.4489 | -Hex: 747.3961 | -Hex: 585.3433 | -Pen: 453.3010,1071.5018,1117.5072,1107.4784,1093.4837,1073.5163,1095.4983,1111.4722,1090.5434
AGL-3,"30-norolean-12,20(29)-dien-28-oic acid (aglycone of compound 3)",30-nor-oleanane,salaheldine2019,,0,C29H44O3,440.329,aglycone,,,439.3218,485.3272,475.2984,461.3037,441.3363,463.3183,479.2922,458.3634
AGL-3,"30-norolean-12,20(29)-dien-28-oic acid (aglycone of compound 3)",30-nor-oleanane,salaheldine2019,dHex1,1,C35H54O7,586.387,predicted,,-dHex: 439.3218,585.3797,631.3852,621.3564,607.3616,587.3942,609.3762,625.3501,604.4213
AGL-3,"30-norolean-12,20(29)-dien-28-oic acid (aglycone of compound 3)",30-nor-oleanane,salaheldine2019,GlcA1,1,C35H52O9,616.3611,predicted,,-GlcA: 439.3218,615.3539,661.3593,651.3305,637.3358,617.3684,639.3504,655.3243,634.3955
AGL-3,"30-norolean-12,20(29)-dien-28-oic acid (aglycone of compound 3)",30-nor-oleanane,salaheldine2019,GlcA1dHex1,2,C41H62O13,762.419,predicted,,-dHex: 615.3539 | -GlcA: 439.3218,761.4118,807.4172,797.3884,783.3937,763.4263,785.4083,801.3822,780.4534
AGL-3,"30-norolean-12,20(29)-dien-28-oic acid (aglycone of compound 3)",30-nor-oleanane,salaheldine2019,Pen1,1,C34H52O7,572.3713,predicted,,-Pen: 439.3218,571.364,617.3695,607.3407,593.346,573.3786,595.3605,611.3345,590.4057
AGL-3,"30-norolean-12,20(29)-dien-28-oic acid (aglycone of compound 3)",30-nor-oleanane,salaheldine2019,Pen1dHex1,2,C40H62O11,718.4292,predicted,,-dHex: 571.3640 | -Pen: 439.3218,717.4219,763.4274,753.3986,739.4039,719.4365,741.4184,757.3924,736.4636
AGL-3,"30-norolean-12,20(29)-dien-28-oic acid (aglycone of compound 3)",30-nor-oleanane,salaheldine2019,GlcA1Pen1,2,C40H60O13,748.4034,predicted,,-Pen: 615.3539 | -GlcA: 439.3218,747.3961,793.4016,783.3728,769.3781,749.4107,771.3926,787.3666,766.4378
AGL-3,"30-norolean-12,20(29)-dien-28-oic acid (aglycone of compound 3)",30-nor-oleanane,salaheldine2019,GlcA1Pen1dHex1,3,C46H70O17,894.4613,predicted,,-dHex: 747.3961 | -Pen: 615.3539 | -GlcA: 439.3218,893.454,939.4595,929.4307,915.436,895.4686,917.4505,933.4245,912.4957
AGL-3,"30-norolean-12,20(29)-dien-28-oic acid (aglycone of compound 3)",30-nor-oleanane,salaheldine2019,Pen2,2,C39H60O11,704.4136,predicted,,-Pen: 571.3640 | -Pen: 439.3218,703.4063,749.4118,739.383,725.3882,705.4208,727.4028,743.3767,722.4479
AGL-3,"30-norolean-12,20(29)-dien-28-oic acid (aglycone of compound 3)",30-nor-oleanane,salaheldine2019,Pen2dHex1,3,C45H70O15,850.4715,predicted,,-dHex: 703.4063 | -Pen: 571.3640 | -Pen: 439.3218,849.4642,895.4697,885.4409,871.4461,851.4787,873.4607,889.4346,868.5058
AGL-3,"30-norolean-12,20(29)-dien-28-oic acid (aglycone of compound 3)",30-nor-oleanane,salaheldine2019,GlcA1Pen2,3,C45H68O17,880.4457,predicted,,-Pen: 747.3961 | -Pen: 615.3539 | -GlcA: 439.3218,879.4384,925.4439,915.4151,901.4203,881.4529,903.4349,919.4088,898.48
AGL-3,"30-norolean-12,20(29)-dien-28-oic acid (aglycone of compound 3)",30-nor-oleanane,salaheldine2019,GlcA1Pen2dHex1,4,C51H78O21,1026.5036,predicted,,-dHex: 879.4384 | -Pen: 747.3961 | -Pen: 615.3539 | -GlcA: 439.3218,1025.4963,1071.5018,1061.473,1047.4782,1027.5108,1049.4928,1065.4667,1044.5379
AGL-3,"30-norolean-12,20(29)-dien-28-oic acid (aglycone of compound 3)",30-nor-oleanane,salaheldine2019,Hex1,1,C35H54O8,602.3819,predicted,,-Hex: 439.3218,601.3746,647.3801,637.3513,623.3565,603.3891,625.3711,641.345,620.4162
AGL-3,"30-norolean-12,20(29)-dien-28-oic acid (aglycone of compound 3)",30-nor-oleanane,salaheldine2019,Hex1dHex1,2,C41H64O12,748.4398,predicted,,-Hex: 585.3797 | -dHex: 439.3218,747.4325,793.438,783.4092,769.4144,749.4471,771.429,787.4029,766.4742
AGL-3,"30-norolean-12,20(29)-dien-28-oic acid (aglycone of compound 3)",30-nor-oleanane,salaheldine2019,GlcA1Hex1,2,C41H62O14,778.414,predicted,,-Hex: 615.3539 | -GlcA: 439.3218,777.4067,823.4122,813.3834,799.3886,779.4212,801.4032,817.3771,796.4483
AGL-3,"30-norolean-12,20(29)-dien-28-oic acid (aglycone of compound 3)",30-nor-oleanane,salaheldine2019,GlcA1Hex1dHex1,3,C47H72O18,924.4719,predicted,,-Hex: 761.4118 | -dHex: 615.3539 | -GlcA: 439.3218,923.4646,969.4701,959.4413,945.4465,925.4791,947.4611,963.435,942.5062
AGL-3,"30-norolean-12,20(29)-dien-28-oic acid (aglycone of compound 3)",30-nor-oleanane,salaheldine2019,Hex1Pen1,2,C40H62O12,734.4241,published,"salaheldine2019 cpd 3 (3-O-Xyl, 28-O-Glc)",-Hex: 571.3640 | -Pen: 439.3218,733.4169,779.4223,769.3935,755.3988,735.4314,757.4133,773.3873,752.4585
AGL-3,"30-norolean-12,20(29)-dien-28-oic acid (aglycone of compound 3)",30-nor-oleanane,salaheldine2019,Hex1Pen1dHex1,3,C46H72O16,880.482,predicted,,-Hex: 717.4219 | -dHex: 571.3640 | -Pen: 439.3218,879.4748,925.4802,915.4514,901.4567,881.4893,903.4713,919.4452,898.5164
AGL-3,"30-norolean-12,20(29)-dien-28-oic acid (aglycone of compound 3)",30-nor-oleanane,salaheldine2019,GlcA1Hex1Pen1,3,C46H70O18,910.4562,predicted,,-Hex: 747.3961 | -Pen: 615.3539 | -GlcA: 439.3218,909.4489,955.4544,945.4256,931.4309,911.4635,933.4454,949.4194,928.4906
AGL-3,"30-norolean-12,20(29)-dien-28-oic acid (aglycone of compound 3)",30-nor-oleanane,salaheldine2019,GlcA1Hex1Pen1dHex1,4,C52H80O22,1056.5141,predicted,,-Hex: 893.4540 | -dHex: 747.3961 | -Pen: 615.3539 | -GlcA: 439.3218,1055.5068,1101.5123,1091.4835,1077.4888,1057.5214,1079.5033,1095.4773,1074.5485
AGL-3,"30-norolean-12,20(29)-dien-28-oic acid (aglycone of compound 3)",30-nor-oleanane,salaheldine2019,Hex1Pen2,3,C45H70O16,866.4664,predicted,,-Hex: 703.4063 | -Pen: 571.3640 | -Pen: 439.3218,865.4591,911.4646,901.4358,887.4411,867.4737,889.4556,905.4295,884.5008
AGL-3,"30-norolean-12,20(29)-dien-28-oic acid (aglycone of compound 3)",30-nor-oleanane,salaheldine2019,Hex1Pen2dHex1,4,C51H80O20,1012.5243,predicted,,-Hex: 849.4642 | -dHex: 703.4063 | -Pen: 571.3640 | -Pen: 439.3218,1011.517,1057.5225,1047.4937,1033.499,1013.5316,1035.5135,1051.4875,1030.5587
AGL-3,"30-norolean-12,20(29)-dien-28-oic acid (aglycone of compound 3)",30-nor-oleanane,salaheldine2019,GlcA1Hex1Pen2,4,C51H78O22,1042.4985,predicted,,-Hex: 879.4384 | -Pen: 747.3961 | -Pen: 615.3539 | -GlcA: 439.3218,1041.4912,1087.4967,1077.4679,1063.4731,1043.5058,1065.4877,1081.4616,1060.5328
AGL-3,"30-norolean-12,20(29)-dien-28-oic acid (aglycone of compound 3)",30-nor-oleanane,salaheldine2019,Hex2,2,C41H64O13,764.4347,predicted,,-Hex: 601.3746 | -Hex: 439.3218,763.4274,809.4329,799.4041,785.4094,765.442,787.4239,803.3979,782.4691
AGL-3,"30-norolean-12,20(29)-dien-28-oic acid (aglycone of compound 3)",30-nor-oleanane,salaheldine2019,Hex2dHex1,3,C47H74O17,910.4926,predicted,,-Hex: 747.4325 | -Hex: 585.3797 | -dHex: 439.3218,909.4853,955.4908,945.462,931.4673,911.4999,933.4818,949.4558,928.527
AGL-3,"30-norolean-12,20(29)-dien-28-oic acid (aglycone of compound 3)",30-nor-oleanane,salaheldine2019,GlcA1Hex2,3,C47H72O19,940.4668,predicted,,-Hex: 777.4067 | -Hex: 615.3539 | -GlcA: 439.3218,939.4595,985.465,975.4362,961.4414,941.4741,963.456,979.4299,958.5012
AGL-3,"30-norolean-12,20(29)-dien-28-oic acid (aglycone of compound 3)",30-nor-oleanane,salaheldine2019,GlcA1Hex2dHex1,4,C53H82O23,1086.5247,predicted,,-Hex: 923.4646 | -Hex: 761.4118 | -dHex: 615.3539 | -GlcA: 439.3218,1085.5174,1131.5229,1121.4941,1107.4994,1087.532,1109.5139,1125.4878,1104.5591
AGL-3,"30-norolean-12,20(29)-dien-28-oic acid (aglycone of compound 3)",30-nor-oleanane,salaheldine2019,Hex2Pen1,3,C46H72O17,896.477,predicted,,-Hex: 733.4169 | -Hex: 571.3640 | -Pen: 439.3218,895.4697,941.4752,931.4464,917.4516,897.4842,919.4662,935.4401,914.5113
AGL-3,"30-norolean-12,20(29)-dien-28-oic acid (aglycone of compound 3)",30-nor-oleanane,salaheldine2019,Hex2Pen1dHex1,4,C52H82O21,1042.5349,predicted,,-Hex: 879.4748 | -Hex: 717.4219 | -dHex: 571.3640 | -Pen: 439.3218,1041.5276,1087.5331,1077.5043,1063.5095,1043.5421,1065.5241,1081.498,1060.5692
AGL-3,"30-norolean-12,20(29)-dien-28-oic acid (aglycone of compound 3)",30-nor-oleanane,salaheldine2019,GlcA1Hex2Pen1,4,C52H80O23,1072.509,predicted,,-Hex: 909.4489 | -Hex: 747.3961 | -Pen: 615.3539 | -GlcA: 439.3218,1071.5018,1117.5072,1107.4784,1093.4837,1073.5163,1095.4983,1111.4722,1090.5434
AGL-3,"30-norolean-12,20(29)-dien-28-oic acid (aglycone of compound 3)",30-nor-oleanane,salaheldine2019,Hex2Pen2,4,C51H80O21,1028.5192,predicted,,-Hex: 865.4591 | -Hex: 703.4063 | -Pen: 571.3640 | -Pen: 439.3218,1027.5119,1073.5174,1063.4886,1049.4939,1029.5265,1051.5084,1067.4824,1046.5536
AGL-3,"30-norolean-12,20(29)-dien-28-oic acid (aglycone of compound 3)",30-nor-oleanane,salaheldine2019,Hex3,3,C47H74O18,926.4875,predicted,,-Hex: 763.4274 | -Hex: 601.3746 | -Hex: 439.3218,925.4802,971.4857,961.4569,947.4622,927.4948,949.4767,965.4507,944.5219
AGL-3,"30-norolean-12,20(29)-dien-28-oic acid (aglycone of compound 3)",30-nor-oleanane,salaheldine2019,Hex3dHex1,4,C53H84O22,1072.5454,predicted,,-Hex: 909.4853 | -Hex: 747.4325 | -Hex: 585.3797 | -dHex: 439.3218,1071.5381,1117.5436,1107.5148,1093.5201,1073.5527,1095.5346,1111.5086,1090.5798
AGL-3,"30-norolean-12,20(29)-dien-28-oic acid (aglycone of compound 3)",30-nor-oleanane,salaheldine2019,GlcA1Hex3,4,C53H82O24,1102.5196,predicted,,-Hex: 939.4595 | -Hex: 777.4067 | -Hex: 615.3539 | -GlcA: 439.3218,1101.5123,1147.5178,1137.489,1123.4943,1103.5269,1125.5088,1141.4828,1120.554
AGL-3,"30-norolean-12,20(29)-dien-28-oic acid (aglycone of compound 3)",30-nor-oleanane,salaheldine2019,Hex3Pen1,4,C52H82O22,1058.5298,predicted,,-Hex: 895.4697 | -Hex: 733.4169 | -Hex: 571.3640 | -Pen: 439.3218,1057.5225,1103.528,1093.4992,1079.5044,1059.5371,1081.519,1097.4929,1076.5641
AGL-4,"3beta,20alpha-dihydroxy-30-nor-olean-12-ene-23,28-dioic acid",30-nor-oleanane,gamal2022,,0,C29H44O6,488.3138,aglycone,,,487.3065,533.312,523.2832,509.2885,489.3211,511.303,527.2769,506.3482
AGL-4,"3beta,20alpha-dihydroxy-30-nor-olean-12-ene-23,28-dioic acid",30-nor-oleanane,gamal2022,dHex1,1,C35H54O10,634.3717,predicted,,-dHex: 487.3065,633.3644,679.3699,669.3411,655.3464,635.379,657.3609,673.3349,652.4061
AGL-4,"3beta,20alpha-dihydroxy-30-nor-olean-12-ene-23,28-dioic acid",30-nor-oleanane,gamal2022,GlcA1,1,C35H52O12,664.3459,predicted,,-GlcA: 487.3065,663.3386,709.3441,699.3153,685.3205,665.3532,687.3351,703.309,682.3803
AGL-4,"3beta,20alpha-dihydroxy-30-nor-olean-12-ene-23,28-dioic acid",30-nor-oleanane,gamal2022,GlcA1dHex1,2,C41H62O16,810.4038,predicted,,-dHex: 663.3386 | -GlcA: 487.3065,809.3965,855.402,845.3732,831.3785,811.4111,833.393,849.3669,828.4382
AGL-4,"3beta,20alpha-dihydroxy-30-nor-olean-12-ene-23,28-dioic acid",30-nor-oleanane,gamal2022,Pen1,1,C34H52O10,620.356,predicted,,-Pen: 487.3065,619.3488,665.3543,655.3254,641.3307,621.3633,643.3453,659.3192,638.3904
AGL-4,"3beta,20alpha-dihydroxy-30-nor-olean-12-ene-23,28-dioic acid",30-nor-oleanane,gamal2022,Pen1dHex1,2,C40H62O14,766.414,predicted,,-dHex: 619.3488 | -Pen: 487.3065,765.4067,811.4122,801.3834,787.3886,767.4212,789.4032,805.3771,784.4483
AGL-4,"3beta,20alpha-dihydroxy-30-nor-olean-12-ene-23,28-dioic acid",30-nor-oleanane,gamal2022,GlcA1Pen1,2,C40H60O16,796.3881,predicted,,-Pen: 663.3386 | -GlcA: 487.3065,795.3809,841.3863,831.3575,817.3628,797.3954,819.3774,835.3513,814.4225
AGL-4,"3beta,20alpha-dihydroxy-30-nor-olean-12-ene-23,28-dioic acid",30-nor-oleanane,gamal2022,GlcA1Pen1dHex1,3,C46H70O20,942.446,predicted,,-dHex: 795.3809 | -Pen: 663.3386 | -GlcA: 487.3065,941.4388,987.4442,977.4154,963.4207,943.4533,965.4353,981.4092,960.4804
AGL-4,"3beta,20alpha-dihydroxy-30-nor-olean-12-ene-23,28-dioic acid",30-nor-oleanane,gamal2022,Pen2,2,C39H60O14,752.3983,predicted,,-Pen: 619.3488 | -Pen: 487.3065,751.391,797.3965,787.3677,773.373,753.4056,775.3875,791.3615,770.4327
AGL-4,"3beta,20alpha-dihydroxy-30-nor-olean-12-ene-23,28-dioic acid",30-nor-oleanane,gamal2022,Pen2dHex1,3,C45H70O18,898.4562,predicted,,-dHex: 751.3910 | -Pen: 619.3488 | -Pen: 487.3065,897.4489,943.4544,933.4256,919.4309,899.4635,921.4454,937.4194,916.4906
AGL-4,"3beta,20alpha-dihydroxy-30-nor-olean-12-ene-23,28-dioic acid",30-nor-oleanane,gamal2022,GlcA1Pen2,3,C45H68O20,928.4304,predicted,,-Pen: 795.3809 | -Pen: 663.3386 | -GlcA: 487.3065,927.4231,973.4286,963.3998,949.4051,929.4377,951.4196,967.3936,946.4648
AGL-4,"3beta,20alpha-dihydroxy-30-nor-olean-12-ene-23,28-dioic acid",30-nor-oleanane,gamal2022,GlcA1Pen2dHex1,4,C51H78O24,1074.4883,predicted,,-dHex: 927.4231 | -Pen: 795.3809 | -Pen: 663.3386 | -GlcA: 487.3065,1073.481,1119.4865,1109.4577,1095.463,1075.4956,1097.4775,1113.4515,1092.5227
AGL-4,"3beta,20alpha-dihydroxy-30-nor-olean-12-ene-23,28-dioic acid",30-nor-oleanane,gamal2022,Hex1,1,C35H54O11,650.3666,predicted,,-Hex: 487.3065,649.3593,695.3648,685.336,671.3413,651.3739,673.3558,689.3298,668.401
AGL-4,"3beta,20alpha-dihydroxy-30-nor-olean-12-ene-23,28-dioic acid",30-nor-oleanane,gamal2022,Hex1dHex1,2,C41H64O15,796.4245,predicted,,-Hex: 633.3644 | -dHex: 487.3065,795.4172,841.4227,831.3939,817.3992,797.4318,819.4137,835.3877,814.4589
AGL-4,"3beta,20alpha-dihydroxy-30-nor-olean-12-ene-23,28-dioic acid",30-nor-oleanane,gamal2022,GlcA1Hex1,2,C41H62O17,826.3987,predicted,,-Hex: 663.3386 | -GlcA: 487.3065,825.3914,871.3969,861.3681,847.3734,827.406,849.3879,865.3619,844.4331
AGL-4,"3beta,20alpha-dihydroxy-30-nor-olean-12-ene-23,28-dioic acid",30-nor-oleanane,gamal2022,GlcA1Hex1dHex1,3,C47H72O21,972.4566,predicted,,-Hex: 809.3965 | -dHex: 663.3386 | -GlcA: 487.3065,971.4493,1017.4548,1007.426,993.4313,973.4639,995.4458,1011.4198,990.491
AGL-4,"3beta,20alpha-dihydroxy-30-nor-olean-12-ene-23,28-dioic acid",30-nor-oleanane,gamal2022,Hex1Pen1,2,C40H62O15,782.4089,predicted,,-Hex: 619.3488 | -Pen: 487.3065,781.4016,827.4071,817.3783,803.3835,783.4161,805.3981,821.372,800.4432
AGL-4,"3beta,20alpha-dihydroxy-30-nor-olean-12-ene-23,28-dioic acid",30-nor-oleanane,gamal2022,Hex1Pen1dHex1,3,C46H72O19,928.4668,predicted,,-Hex: 765.4067 | -dHex: 619.3488 | -Pen: 487.3065,927.4595,973.465,963.4362,949.4414,929.4741,951.456,967.4299,946.5012
AGL-4,"3beta,20alpha-dihydroxy-30-nor-olean-12-ene-23,28-dioic acid",30-nor-oleanane,gamal2022,GlcA1Hex1Pen1,3,C46H70O21,958.441,predicted,,-Hex: 795.3809 | -Pen: 663.3386 | -GlcA: 487.3065,957.4337,1003.4392,993.4104,979.4156,959.4482,981.4302,997.4041,976.4753
AGL-4,"3beta,20alpha-dihydroxy-30-nor-olean-12-ene-23,28-dioic acid",30-nor-oleanane,gamal2022,GlcA1Hex1Pen1dHex1,4,C52H80O25,1104.4989,predicted,,-Hex: 941.4388 | -dHex: 795.3809 | -Pen: 663.3386 | -GlcA: 487.3065,1103.4916,1149.4971,1139.4683,1125.4735,1105.5061,1127.4881,1143.462,1122.5332
AGL-4,"3beta,20alpha-dihydroxy-30-nor-olean-12-ene-23,28-dioic acid",30-nor-oleanane,gamal2022,Hex1Pen2,3,C45H70O19,914.4511,predicted,,-Hex: 751.3910 | -Pen: 619.3488 | -Pen: 487.3065,913.4439,959.4493,949.4205,935.4258,915.4584,937.4404,953.4143,932.4855
AGL-4,"3beta,20alpha-dihydroxy-30-nor-olean-12-ene-23,28-dioic acid",30-nor-oleanane,gamal2022,Hex1Pen2dHex1,4,C51H80O23,1060.509,predicted,,-Hex: 897.4489 | -dHex: 751.3910 | -Pen: 619.3488 | -Pen: 487.3065,1059.5018,1105.5072,1095.4784,1081.4837,1061.5163,1083.4983,1099.4722,1078.5434
AGL-4,"3beta,20alpha-dihydroxy-30-nor-olean-12-ene-23,28-dioic acid",30-nor-oleanane,gamal2022,GlcA1Hex1Pen2,4,C51H78O25,1090.4832,predicted,,-Hex: 927.4231 | -Pen: 795.3809 | -Pen: 663.3386 | -GlcA: 487.3065,1089.4759,1135.4814,1125.4526,1111.4579,1091.4905,1113.4724,1129.4464,1108.5176
AGL-4,"3beta,20alpha-dihydroxy-30-nor-olean-12-ene-23,28-dioic acid",30-nor-oleanane,gamal2022,Hex2,2,C41H64O16,812.4194,predicted,,-Hex: 649.3593 | -Hex: 487.3065,811.4122,857.4176,847.3888,833.3941,813.4267,835.4087,851.3826,830.4538
AGL-4,"3beta,20alpha-dihydroxy-30-nor-olean-12-ene-23,28-dioic acid",30-nor-oleanane,gamal2022,Hex2dHex1,3,C47H74O20,958.4773,predicted,,-Hex: 795.4172 | -Hex: 633.3644 | -dHex: 487.3065,957.4701,1003.4755,993.4467,979.452,959.4846,981.4666,997.4405,976.5117
AGL-4,"3beta,20alpha-dihydroxy-30-nor-olean-12-ene-23,28-dioic acid",30-nor-oleanane,gamal2022,GlcA1Hex2,3,C47H72O22,988.4515,predicted,,-Hex: 825.3914 | -Hex: 663.3386 | -GlcA: 487.3065,987.4442,1033.4497,1023.4209,1009.4262,989.4588,1011.4407,1027.4147,1006.4859
AGL-4,"3beta,20alpha-dihydroxy-30-nor-olean-12-ene-23,28-dioic acid",30-nor-oleanane,gamal2022,GlcA1Hex2dHex1,4,C53H82O26,1134.5094,predicted,,-Hex: 971.4493 | -Hex: 809.3965 | -dHex: 663.3386 | -GlcA: 487.3065,1133.5022,1179.5076,1169.4788,1155.4841,1135.5167,1157.4987,1173.4726,1152.5438
AGL-4,"3beta,20alpha-dihydroxy-30-nor-olean-12-ene-23,28-dioic acid",30-nor-oleanane,gamal2022,Hex2Pen1,3,C46H72O20,944.4617,predicted,,-Hex: 781.4016 | -Hex: 619.3488 | -Pen: 487.3065,943.4544,989.4599,979.4311,965.4364,945.469,967.4509,983.4249,962.4961
AGL-4,"3beta,20alpha-dihydroxy-30-nor-olean-12-ene-23,28-dioic acid",30-nor-oleanane,gamal2022,Hex2Pen1dHex1,4,C52H82O24,1090.5196,predicted,,-Hex: 927.4595 | -Hex: 765.4067 | -dHex: 619.3488 | -Pen: 487.3065,1089.5123,1135.5178,1125.489,1111.4943,1091.5269,1113.5088,1129.4828,1108.554
AGL-4,"3beta,20alpha-dihydroxy-30-nor-olean-12-ene-23,28-dioic acid",30-nor-oleanane,gamal2022,GlcA1Hex2Pen1,4,C52H80O26,1120.4938,predicted,,-Hex: 957.4337 | -Hex: 795.3809 | -Pen: 663.3386 | -GlcA: 487.3065,1119.4865,1165.492,1155.4632,1141.4685,1121.5011,1143.483,1159.4569,1138.5282
AGL-4,"3beta,20alpha-dihydroxy-30-nor-olean-12-ene-23,28-dioic acid",30-nor-oleanane,gamal2022,Hex2Pen2,4,C51H80O24,1076.504,predicted,,-Hex: 913.4439 | -Hex: 751.3910 | -Pen: 619.3488 | -Pen: 487.3065,1075.4967,1121.5022,1111.4734,1097.4786,1077.5112,1099.4932,1115.4671,1094.5383
AGL-4,"3beta,20alpha-dihydroxy-30-nor-olean-12-ene-23,28-dioic acid",30-nor-oleanane,gamal2022,Hex3,3,C47H74O21,974.4723,predicted,,-Hex: 811.4122 | -Hex: 649.3593 | -Hex: 487.3065,973.465,1019.4705,1009.4417,995.4469,975.4795,997.4615,1013.4354,992.5066
AGL-4,"3beta,20alpha-dihydroxy-30-nor-olean-12-ene-23,28-dioic acid",30-nor-oleanane,gamal2022,Hex3dHex1,4,C53H84O25,1120.5302,predicted,,-Hex: 957.4701 | -Hex: 795.4172 | -Hex: 633.3644 | -dHex: 487.3065,1119.5229,1165.5284,1155.4996,1141.5048,1121.5374,1143.5194,1159.4933,1138.5645
AGL-4,"3beta,20alpha-dihydroxy-30-nor-olean-12-ene-23,28-dioic acid",30-nor-oleanane,gamal2022,GlcA1Hex3,4,C53H82O27,1150.5043,predicted,,-Hex: 987.4442 | -Hex: 825.3914 | -Hex: 663.3386 | -GlcA: 487.3065,1149.4971,1195.5026,1185.4737,1171.479,1151.5116,1173.4936,1189.4675,1168.5387
AGL-4,"3beta,20alpha-dihydroxy-30-nor-olean-12-ene-23,28-dioic acid",30-nor-oleanane,gamal2022,Hex3Pen1,4,C52H82O25,1106.5145,predicted,,-Hex: 943.4544 | -Hex: 781.4016 | -Hex: 619.3488 | -Pen: 487.3065,1105.5072,1151.5127,1141.4839,1127.4892,1107.5218,1129.5037,1145.4777,1124.5489
AGL-5,3beta-hydroxy-23-aldehyde-lup-20(29)-en-28-oic acid,lupane,gamal2022,,0,C30H46O4,470.3396,aglycone,,,469.3323,515.3378,505.309,491.3143,471.3469,493.3288,509.3028,488.374
AGL-5,3beta-hydroxy-23-aldehyde-lup-20(29)-en-28-oic acid,lupane,gamal2022,dHex1,1,C36H56O8,616.3975,predicted,,-dHex: 469.3323,615.3902,661.3957,651.3669,637.3722,617.4048,639.3867,655.3607,634.4319
AGL-5,3beta-hydroxy-23-aldehyde-lup-20(29)-en-28-oic acid,lupane,gamal2022,GlcA1,1,C36H54O10,646.3717,predicted,,-GlcA: 469.3323,645.3644,691.3699,681.3411,667.3464,647.379,669.3609,685.3349,664.4061
AGL-5,3beta-hydroxy-23-aldehyde-lup-20(29)-en-28-oic acid,lupane,gamal2022,GlcA1dHex1,2,C42H64O14,792.4296,predicted,,-dHex: 645.3644 | -GlcA: 469.3323,791.4223,837.4278,827.399,813.4043,793.4369,815.4188,831.3928,810.464
AGL-5,3beta-hydroxy-23-aldehyde-lup-20(29)-en-28-oic acid,lupane,gamal2022,Pen1,1,C35H54O8,602.3819,predicted,,-Pen: 469.3323,601.3746,647.3801,637.3513,623.3565,603.3891,625.3711,641.345,620.4162
AGL-5,3beta-hydroxy-23-aldehyde-lup-20(29)-en-28-oic acid,lupane,gamal2022,Pen1dHex1,2,C41H64O12,748.4398,predicted,,-dHex: 601.3746 | -Pen: 469.3323,747.4325,793.438,783.4092,769.4144,749.4471,771.429,787.4029,766.4742
AGL-5,3beta-hydroxy-23-aldehyde-lup-20(29)-en-28-oic acid,lupane,gamal2022,GlcA1Pen1,2,C41H62O14,778.414,predicted,,-Pen: 645.3644 | -GlcA: 469.3323,777.4067,823.4122,813.3834,799.3886,779.4212,801.4032,817.3771,796.4483
AGL-5,3beta-hydroxy-23-aldehyde-lup-20(29)-en-28-oic acid,lupane,gamal2022,GlcA1Pen1dHex1,3,C47H72O18,924.4719,predicted,,-dHex: 777.4067 | -Pen: 645.3644 | -GlcA: 469.3323,923.4646,969.4701,959.4413,945.4465,925.4791,947.4611,963.435,942.5062
AGL-5,3beta-hydroxy-23-aldehyde-lup-20(29)-en-28-oic acid,lupane,gamal2022,Pen2,2,C40H62O12,734.4241,predicted,,-Pen: 601.3746 | -Pen: 469.3323,733.4169,779.4223,769.3935,755.3988,735.4314,757.4133,773.3873,752.4585
AGL-5,3beta-hydroxy-23-aldehyde-lup-20(29)-en-28-oic acid,lupane,gamal2022,Pen2dHex1,3,C46H72O16,880.482,predicted,,-dHex: 733.4169 | -Pen: 601.3746 | -Pen: 469.3323,879.4748,925.4802,915.4514,901.4567,881.4893,903.4713,919.4452,898.5164
AGL-5,3beta-hydroxy-23-aldehyde-lup-20(29)-en-28-oic acid,lupane,gamal2022,GlcA1Pen2,3,C46H70O18,910.4562,predicted,,-Pen: 777.4067 | -Pen: 645.3644 | -GlcA: 469.3323,909.4489,955.4544,945.4256,931.4309,911.4635,933.4454,949.4194,928.4906
AGL-5,3beta-hydroxy-23-aldehyde-lup-20(29)-en-28-oic acid,lupane,gamal2022,GlcA1Pen2dHex1,4,C52H80O22,1056.5141,predicted,,-dHex: 909.4489 | -Pen: 777.4067 | -Pen: 645.3644 | -GlcA: 469.3323,1055.5068,1101.5123,1091.4835,1077.4888,1057.5214,1079.5033,1095.4773,1074.5485
AGL-5,3beta-hydroxy-23-aldehyde-lup-20(29)-en-28-oic acid,lupane,gamal2022,Hex1,1,C36H56O9,632.3924,predicted,,-Hex: 469.3323,631.3852,677.3906,667.3618,653.3671,633.3997,655.3817,671.3556,650.4268
AGL-5,3beta-hydroxy-23-aldehyde-lup-20(29)-en-28-oic acid,lupane,gamal2022,Hex1dHex1,2,C42H66O13,778.4503,predicted,,-Hex: 615.3902 | -dHex: 469.3323,777.4431,823.4485,813.4197,799.425,779.4576,801.4396,817.4135,796.4847
AGL-5,3beta-hydroxy-23-aldehyde-lup-20(29)-en-28-oic acid,lupane,gamal2022,GlcA1Hex1,2,C42H64O15,808.4245,published,"gamal2022 cpd 7 (3-O-GlcA, 28-O-Glc)",-Hex: 645.3644 | -GlcA: 469.3323,807.4172,853.4227,843.3939,829.3992,809.4318,831.4137,847.3877,826.4589
AGL-5,3beta-hydroxy-23-aldehyde-lup-20(29)-en-28-oic acid,lupane,gamal2022,GlcA1Hex1dHex1,3,C48H74O19,954.4824,predicted,,-Hex: 791.4223 | -dHex: 645.3644 | -GlcA: 469.3323,953.4752,999.4806,989.4518,975.4571,955.4897,977.4717,993.4456,972.5168
AGL-5,3beta-hydroxy-23-aldehyde-lup-20(29)-en-28-oic acid,lupane,gamal2022,Hex1Pen1,2,C41H64O13,764.4347,predicted,,-Hex: 601.3746 | -Pen: 469.3323,763.4274,809.4329,799.4041,785.4094,765.442,787.4239,803.3979,782.4691
AGL-5,3beta-hydroxy-23-aldehyde-lup-20(29)-en-28-oic acid,lupane,gamal2022,Hex1Pen1dHex1,3,C47H74O17,910.4926,predicted,,-Hex: 747.4325 | -dHex: 601.3746 | -Pen: 469.3323,909.4853,955.4908,945.462,931.4673,911.4999,933.4818,949.4558,928.527
AGL-5,3beta-hydroxy-23-aldehyde-lup-20(29)-en-28-oic acid,lupane,gamal2022,GlcA1Hex1Pen1,3,C47H72O19,940.4668,predicted,,-Hex: 777.4067 | -Pen: 645.3644 | -GlcA: 469.3323,939.4595,985.465,975.4362,961.4414,941.4741,963.456,979.4299,958.5012
AGL-5,3beta-hydroxy-23-aldehyde-lup-20(29)-en-28-oic acid,lupane,gamal2022,GlcA1Hex1Pen1dHex1,4,C53H82O23,1086.5247,predicted,,-Hex: 923.4646 | -dHex: 777.4067 | -Pen: 645.3644 | -GlcA: 469.3323,1085.5174,1131.5229,1121.4941,1107.4994,1087.532,1109.5139,1125.4878,1104.5591
AGL-5,3beta-hydroxy-23-aldehyde-lup-20(29)-en-28-oic acid,lupane,gamal2022,Hex1Pen2,3,C46H72O17,896.477,predicted,,-Hex: 733.4169 | -Pen: 601.3746 | -Pen: 469.3323,895.4697,941.4752,931.4464,917.4516,897.4842,919.4662,935.4401,914.5113
AGL-5,3beta-hydroxy-23-aldehyde-lup-20(29)-en-28-oic acid,lupane,gamal2022,Hex1Pen2dHex1,4,C52H82O21,1042.5349,predicted,,-Hex: 879.4748 | -dHex: 733.4169 | -Pen: 601.3746 | -Pen: 469.3323,1041.5276,1087.5331,1077.5043,1063.5095,1043.5421,1065.5241,1081.498,1060.5692
AGL-5,3beta-hydroxy-23-aldehyde-lup-20(29)-en-28-oic acid,lupane,gamal2022,GlcA1Hex1Pen2,4,C52H80O23,1072.509,predicted,,-Hex: 909.4489 | -Pen: 777.4067 | -Pen: 645.3644 | -GlcA: 469.3323,1071.5018,1117.5072,1107.4784,1093.4837,1073.5163,1095.4983,1111.4722,1090.5434
AGL-5,3beta-hydroxy-23-aldehyde-lup-20(29)-en-28-oic acid,lupane,gamal2022,Hex2,2,C42H66O14,794.4453,predicted,,-Hex: 631.3852 | -Hex: 469.3323,793.438,839.4435,829.4147,815.4199,795.4525,817.4345,833.4084,812.4796
AGL-5,3beta-hydroxy-23-aldehyde-lup-20(29)-en-28-oic acid,lupane,gamal2022,Hex2dHex1,3,C48H76O18,940.5032,predicted,,-Hex: 777.4431 | -Hex: 615.3902 | -dHex: 469.3323,939.4959,985.5014,975.4726,961.4778,941.5104,963.4924,979.4663,958.5375
AGL-5,3beta-hydroxy-23-aldehyde-lup-20(29)-en-28-oic acid,lupane,gamal2022,GlcA1Hex2,3,C48H74O20,970.4773,predicted,,-Hex: 807.4172 | -Hex: 645.3644 | -GlcA: 469.3323,969.4701,1015.4755,1005.4467,991.452,971.4846,993.4666,1009.4405,988.5117
AGL-5,3beta-hydroxy-23-aldehyde-lup-20(29)-en-28-oic acid,lupane,gamal2022,GlcA1Hex2dHex1,4,C54H84O24,1116.5353,predicted,,-Hex: 953.4752 | -Hex: 791.4223 | -dHex: 645.3644 | -GlcA: 469.3323,1115.528,1161.5335,1151.5047,1137.5099,1117.5425,1139.5245,1155.4984,1134.5696
AGL-5,3beta-hydroxy-23-aldehyde-lup-20(29)-en-28-oic acid,lupane,gamal2022,Hex2Pen1,3,C47H74O18,926.4875,predicted,,-Hex: 763.4274 | -Hex: 601.3746 | -Pen: 469.3323,925.4802,971.4857,961.4569,947.4622,927.4948,949.4767,965.4507,944.5219
AGL-5,3beta-hydroxy-23-aldehyde-lup-20(29)-en-28-oic acid,lupane,gamal2022,Hex2Pen1dHex1,4,C53H84O22,1072.5454,predicted,,-Hex: 909.4853 | -Hex: 747.4325 | -dHex: 601.3746 | -Pen: 469.3323,1071.5381,1117.5436,1107.5148,1093.5201,1073.5527,1095.5346,1111.5086,1090.5798
AGL-5,3beta-hydroxy-23-aldehyde-lup-20(29)-en-28-oic acid,lupane,gamal2022,GlcA1Hex2Pen1,4,C53H82O24,1102.5196,predicted,,-Hex: 939.4595 | -Hex: 777.4067 | -Pen: 645.3644 | -GlcA: 469.3323,1101.5123,1147.5178,1137.489,1123.4943,1103.5269,1125.5088,1141.4828,1120.554
AGL-5,3beta-hydroxy-23-aldehyde-lup-20(29)-en-28-oic acid,lupane,gamal2022,Hex2Pen2,4,C52H82O22,1058.5298,predicted,,-Hex: 895.4697 | -Hex: 733.4169 | -Pen: 601.3746 | -Pen: 469.3323,1057.5225,1103.528,1093.4992,1079.5044,1059.5371,1081.519,1097.4929,1076.5641
AGL-5,3beta-hydroxy-23-aldehyde-lup-20(29)-en-28-oic acid,lupane,gamal2022,Hex3,3,C48H76O19,956.4981,predicted,,-Hex: 793.4380 | -Hex: 631.3852 | -Hex: 469.3323,955.4908,1001.4963,991.4675,977.4727,957.5054,979.4873,995.4612,974.5325
AGL-5,3beta-hydroxy-23-aldehyde-lup-20(29)-en-28-oic acid,lupane,gamal2022,Hex3dHex1,4,C54H86O23,1102.556,predicted,,-Hex: 939.4959 | -Hex: 777.4431 | -Hex: 615.3902 | -dHex: 469.3323,1101.5487,1147.5542,1137.5254,1123.5307,1103.5633,1125.5452,1141.5191,1120.5904
AGL-5,3beta-hydroxy-23-aldehyde-lup-20(29)-en-28-oic acid,lupane,gamal2022,GlcA1Hex3,4,C54H84O25,1132.5302,predicted,,-Hex: 969.4701 | -Hex: 807.4172 | -Hex: 645.3644 | -GlcA: 469.3323,1131.5229,1177.5284,1167.4996,1153.5048,1133.5374,1155.5194,1171.4933,1150.5645
AGL-5,3beta-hydroxy-23-aldehyde-lup-20(29)-en-28-oic acid,lupane,gamal2022,Hex3Pen1,4,C53H84O23,1088.5403,predicted,,-Hex: 925.4802 | -Hex: 763.4274 | -Hex: 601.3746 | -Pen: 469.3323,1087.5331,1133.5385,1123.5097,1109.515,1089.5476,1111.5296,1127.5035,1106.5747
AGL-6,"3beta-hydroxy-lup-20(29)-ene-23,28-dioic acid",lupane,gamal2022,,0,C30H46O5,486.3345,aglycone,,,485.3272,531.3327,521.3039,507.3092,487.3418,509.3237,525.2977,504.3689
AGL-6,"3beta-hydroxy-lup-20(29)-ene-23,28-dioic acid",lupane,gamal2022,dHex1,1,C36H56O9,632.3924,predicted,,-dHex: 485.3272,631.3852,677.3906,667.3618,653.3671,633.3997,655.3817,671.3556,650.4268
AGL-6,"3beta-hydroxy-lup-20(29)-ene-23,28-dioic acid",lupane,gamal2022,GlcA1,1,C36H54O11,662.3666,predicted,,-GlcA: 485.3272,661.3593,707.3648,697.336,683.3413,663.3739,685.3558,701.3298,680.401
AGL-6,"3beta-hydroxy-lup-20(29)-ene-23,28-dioic acid",lupane,gamal2022,GlcA1dHex1,2,C42H64O15,808.4245,predicted,,-dHex: 661.3593 | -GlcA: 485.3272,807.4172,853.4227,843.3939,829.3992,809.4318,831.4137,847.3877,826.4589
AGL-6,"3beta-hydroxy-lup-20(29)-ene-23,28-dioic acid",lupane,gamal2022,Pen1,1,C35H54O9,618.3768,predicted,,-Pen: 485.3272,617.3695,663.375,653.3462,639.3515,619.3841,641.366,657.3399,636.4112
AGL-6,"3beta-hydroxy-lup-20(29)-ene-23,28-dioic acid",lupane,gamal2022,Pen1dHex1,2,C41H64O13,764.4347,predicted,,-dHex: 617.3695 | -Pen: 485.3272,763.4274,809.4329,799.4041,785.4094,765.442,787.4239,803.3979,782.4691
AGL-6,"3beta-hydroxy-lup-20(29)-ene-23,28-dioic acid",lupane,gamal2022,GlcA1Pen1,2,C41H62O15,794.4089,predicted,,-Pen: 661.3593 | -GlcA: 485.3272,793.4016,839.4071,829.3783,815.3835,795.4161,817.3981,833.372,812.4432
AGL-6,"3beta-hydroxy-lup-20(29)-ene-23,28-dioic acid",lupane,gamal2022,GlcA1Pen1dHex1,3,C47H72O19,940.4668,predicted,,-dHex: 793.4016 | -Pen: 661.3593 | -GlcA: 485.3272,939.4595,985.465,975.4362,961.4414,941.4741,963.456,979.4299,958.5012
AGL-6,"3beta-hydroxy-lup-20(29)-ene-23,28-dioic acid",lupane,gamal2022,Pen2,2,C40H62O13,750.419,predicted,,-Pen: 617.3695 | -Pen: 485.3272,749.4118,795.4172,785.3884,771.3937,751.4263,773.4083,789.3822,768.4534
AGL-6,"3beta-hydroxy-lup-20(29)-ene-23,28-dioic acid",lupane,gamal2022,Pen2dHex1,3,C46H72O17,896.477,predicted,,-dHex: 749.4118 | -Pen: 617.3695 | -Pen: 485.3272,895.4697,941.4752,931.4464,917.4516,897.4842,919.4662,935.4401,914.5113
AGL-6,"3beta-hydroxy-lup-20(29)-ene-23,28-dioic acid",lupane,gamal2022,GlcA1Pen2,3,C46H70O19,926.4511,predicted,,-Pen: 793.4016 | -Pen: 661.3593 | -GlcA: 485.3272,925.4439,971.4493,961.4205,947.4258,927.4584,949.4404,965.4143,944.4855
AGL-6,"3beta-hydroxy-lup-20(29)-ene-23,28-dioic acid",lupane,gamal2022,GlcA1Pen2dHex1,4,C52H80O23,1072.509,predicted,,-dHex: 925.4439 | -Pen: 793.4016 | -Pen: 661.3593 | -GlcA: 485.3272,1071.5018,1117.5072,1107.4784,1093.4837,1073.5163,1095.4983,1111.4722,1090.5434
AGL-6,"3beta-hydroxy-lup-20(29)-ene-23,28-dioic acid",lupane,gamal2022,Hex1,1,C36H56O10,648.3873,published,gamal2022 cpd 5 (23-O-Glc ester),-Hex: 485.3272,647.3801,693.3856,683.3567,669.362,649.3946,671.3766,687.3505,666.4217
AGL-6,"3beta-hydroxy-lup-20(29)-ene-23,28-dioic acid",lupane,gamal2022,Hex1dHex1,2,C42H66O14,794.4453,predicted,,-Hex: 631.3852 | -dHex: 485.3272,793.438,839.4435,829.4147,815.4199,795.4525,817.4345,833.4084,812.4796
AGL-6,"3beta-hydroxy-lup-20(29)-ene-23,28-dioic acid",lupane,gamal2022,GlcA1Hex1,2,C42H64O16,824.4194,published,"gamal2022 cpd 6 (3-O-GlcA, 28-O-Glc)",-Hex: 661.3593 | -GlcA: 485.3272,823.4122,869.4176,859.3888,845.3941,825.4267,847.4087,863.3826,842.4538
AGL-6,"3beta-hydroxy-lup-20(29)-ene-23,28-dioic acid",lupane,gamal2022,GlcA1Hex1dHex1,3,C48H74O20,970.4773,predicted,,-Hex: 807.4172 | -dHex: 661.3593 | -GlcA: 485.3272,969.4701,1015.4755,1005.4467,991.452,971.4846,993.4666,1009.4405,988.5117
AGL-6,"3beta-hydroxy-lup-20(29)-ene-23,28-dioic acid",lupane,gamal2022,Hex1Pen1,2,C41H64O14,780.4296,predicted,,-Hex: 617.3695 | -Pen: 485.3272,779.4223,825.4278,815.399,801.4043,781.4369,803.4188,819.3928,798.464
AGL-6,"3beta-hydroxy-lup-20(29)-ene-23,28-dioic acid",lupane,gamal2022,Hex1Pen1dHex1,3,C47H74O18,926.4875,predicted,,-Hex: 763.4274 | -dHex: 617.3695 | -Pen: 485.3272,925.4802,971.4857,961.4569,947.4622,927.4948,949.4767,965.4507,944.5219
AGL-6,"3beta-hydroxy-lup-20(29)-ene-23,28-dioic acid",lupane,gamal2022,GlcA1Hex1Pen1,3,C47H72O20,956.4617,predicted,,-Hex: 793.4016 | -Pen: 661.3593 | -GlcA: 485.3272,955.4544,1001.4599,991.4311,977.4364,957.469,979.4509,995.4249,974.4961
AGL-6,"3beta-hydroxy-lup-20(29)-ene-23,28-dioic acid",lupane,gamal2022,GlcA1Hex1Pen1dHex1,4,C53H82O24,1102.5196,predicted,,-Hex: 939.4595 | -dHex: 793.4016 | -Pen: 661.3593 | -GlcA: 485.3272,1101.5123,1147.5178,1137.489,1123.4943,1103.5269,1125.5088,1141.4828,1120.554
AGL-6,"3beta-hydroxy-lup-20(29)-ene-23,28-dioic acid",lupane,gamal2022,Hex1Pen2,3,C46H72O18,912.4719,predicted,,-Hex: 749.4118 | -Pen: 617.3695 | -Pen: 485.3272,911.4646,957.4701,947.4413,933.4465,913.4791,935.4611,951.435,930.5062
AGL-6,"3beta-hydroxy-lup-20(29)-ene-23,28-dioic acid",lupane,gamal2022,Hex1Pen2dHex1,4,C52H82O22,1058.5298,predicted,,-Hex: 895.4697 | -dHex: 749.4118 | -Pen: 617.3695 | -Pen: 485.3272,1057.5225,1103.528,1093.4992,1079.5044,1059.5371,1081.519,1097.4929,1076.5641
AGL-6,"3beta-hydroxy-lup-20(29)-ene-23,28-dioic acid",lupane,gamal2022,GlcA1Hex1Pen2,4,C52H80O24,1088.504,predicted,,-Hex: 925.4439 | -Pen: 793.4016 | -Pen: 661.3593 | -GlcA: 485.3272,1087.4967,1133.5022,1123.4734,1109.4786,1089.5112,1111.4932,1127.4671,1106.5383
AGL-6,"3beta-hydroxy-lup-20(29)-ene-23,28-dioic acid",lupane,gamal2022,Hex2,2,C42H66O15,810.4402,predicted,,-Hex: 647.3801 | -Hex: 485.3272,809.4329,855.4384,845.4096,831.4148,811.4474,833.4294,849.4033,828.4745
AGL-6,"3beta-hydroxy-lup-20(29)-ene-23,28-dioic acid",lupane,gamal2022,Hex2dHex1,3,C48H76O19,956.4981,predicted,,-Hex: 793.4380 | -Hex: 631.3852 | -dHex: 485.3272,955.4908,1001.4963,991.4675,977.4727,957.5054,979.4873,995.4612,974.5325
AGL-6,"3beta-hydroxy-lup-20(29)-ene-23,28-dioic acid",lupane,gamal2022,GlcA1Hex2,3,C48H74O21,986.4723,predicted,,-Hex: 823.4122 | -Hex: 661.3593 | -GlcA: 485.3272,985.465,1031.4705,1021.4417,1007.4469,987.4795,1009.4615,1025.4354,1004.5066
AGL-6,"3beta-hydroxy-lup-20(29)-ene-23,28-dioic acid",lupane,gamal2022,GlcA1Hex2dHex1,4,C54H84O25,1132.5302,predicted,,-Hex: 969.4701 | -Hex: 807.4172 | -dHex: 661.3593 | -GlcA: 485.3272,1131.5229,1177.5284,1167.4996,1153.5048,1133.5374,1155.5194,1171.4933,1150.5645
AGL-6,"3beta-hydroxy-lup-20(29)-ene-23,28-dioic acid",lupane,gamal2022,Hex2Pen1,3,C47H74O19,942.4824,predicted,,-Hex: 779.4223 | -Hex: 617.3695 | -Pen: 485.3272,941.4752,987.4806,977.4518,963.4571,943.4897,965.4717,981.4456,960.5168
AGL-6,"3beta-hydroxy-lup-20(29)-ene-23,28-dioic acid",lupane,gamal2022,Hex2Pen1dHex1,4,C53H84O23,1088.5403,predicted,,-Hex: 925.4802 | -Hex: 763.4274 | -dHex: 617.3695 | -Pen: 485.3272,1087.5331,1133.5385,1123.5097,1109.515,1089.5476,1111.5296,1127.5035,1106.5747
AGL-6,"3beta-hydroxy-lup-20(29)-ene-23,28-dioic acid",lupane,gamal2022,GlcA1Hex2Pen1,4,C53H82O25,1118.5145,predicted,,-Hex: 955.4544 | -Hex: 793.4016 | -Pen: 661.3593 | -GlcA: 485.3272,1117.5072,1163.5127,1153.4839,1139.4892,1119.5218,1141.5037,1157.4777,1136.5489
AGL-6,"3beta-hydroxy-lup-20(29)-ene-23,28-dioic acid",lupane,gamal2022,Hex2Pen2,4,C52H82O23,1074.5247,predicted,,-Hex: 911.4646 | -Hex: 749.4118 | -Pen: 617.3695 | -Pen: 485.3272,1073.5174,1119.5229,1109.4941,1095.4994,1075.532,1097.5139,1113.4878,1092.5591
AGL-6,"3beta-hydroxy-lup-20(29)-ene-23,28-dioic acid",lupane,gamal2022,Hex3,3,C48H76O20,972.493,predicted,,-Hex: 809.4329 | -Hex: 647.3801 | -Hex: 485.3272,971.4857,1017.4912,1007.4624,993.4677,973.5003,995.4822,1011.4562,990.5274
AGL-6,"3beta-hydroxy-lup-20(29)-ene-23,28-dioic acid",lupane,gamal2022,Hex3dHex1,4,C54H86O24,1118.5509,predicted,,-Hex: 955.4908 | -Hex: 793.4380 | -Hex: 631.3852 | -dHex: 485.3272,1117.5436,1163.5491,1153.5203,1139.5256,1119.5582,1141.5401,1157.5141,1136.5853
AGL-6,"3beta-hydroxy-lup-20(29)-ene-23,28-dioic acid",lupane,gamal2022,GlcA1Hex3,4,C54H84O26,1148.5251,predicted,,-Hex: 985.4650 | -Hex: 823.4122 | -Hex: 661.3593 | -GlcA: 485.3272,1147.5178,1193.5233,1183.4945,1169.4998,1149.5324,1171.5143,1187.4882,1166.5595
AGL-6,"3beta-hydroxy-lup-20(29)-ene-23,28-dioic acid",lupane,gamal2022,Hex3Pen1,4,C53H84O24,1104.5353,predicted,,-Hex: 941.4752 | -Hex: 779.4223 | -Hex: 617.3695 | -Pen: 485.3272,1103.528,1149.5335,1139.5047,1125.5099,1105.5425,1127.5245,1143.4984,1122.5696
