target_id,aglycone_id,aglycone_name,composition,formula,neutral_mass,mz_M-H,mz_M+HCOO,mz_M+Na,status,published_as,ms2_y_ions_neg,rt_min
T001,AGL-1,oleanolic acid,aglycone,C30H48O3,456.3603,455.3531,501.3585,479.3496,aglycone,,,
T002,AGL-1,oleanolic acid,Pen1,C35H56O7,588.4026,587.3953,633.4008,611.3918,predicted,,-Pen: 455.3531,
T003,AGL-1,oleanolic acid,Hex1,C36H58O8,618.4132,617.4059,663.4114,641.4024,published,metwally2012 (oleanolic acid 3-O-Glc),-Hex: 455.3531,
T004,AGL-1,oleanolic acid,GlcA1,C36H56O9,632.3924,631.3852,677.3906,655.3817,predicted,,-GlcA: 455.3531,
T005,AGL-1,oleanolic acid,Pen2,C40H64O11,720.4449,719.4376,765.4431,743.4341,predicted,,-Pen: 587.3953 | -Pen: 455.3531,
T006,AGL-1,oleanolic acid,Hex1Pen1,C41H66O12,750.4554,749.4482,795.4536,773.4446,published,metwally2012 (3-O-Glc-28-O-Xyl),-Hex: 587.3953 | -Pen: 455.3531,
T007,AGL-1,oleanolic acid,GlcA1Pen1,C41H64O13,764.4347,763.4274,809.4329,787.4239,predicted,,-Pen: 631.3852 | -GlcA: 455.3531,
T008,AGL-1,oleanolic acid,Hex2,C42H68O13,780.466,779.4587,825.4642,803.4552,predicted,,-Hex: 617.4059 | -Hex: 455.3531,
T009,AGL-1,oleanolic acid,GlcA1Hex1,C42H66O14,794.4453,793.438,839.4435,817.4345,predicted,,-Hex: 631.3852 | -GlcA: 455.3531,
T010,AGL-1,oleanolic acid,Hex1Pen2,C46H74O16,882.4977,881.4904,927.4959,905.4869,predicted,,-Hex: 719.4376 | -Pen: 587.3953 | -Pen: 455.3531,
T011,AGL-1,oleanolic acid,GlcA1Pen2,C46H72O17,896.477,895.4697,941.4752,919.4662,predicted,,-Pen: 763.4274 | -Pen: 631.3852 | -GlcA: 455.3531,
T012,AGL-1,oleanolic acid,Hex2Pen1,C47H76O17,912.5083,911.501,957.5065,935.4975,predicted,,-Hex: 749.4482 | -Hex: 587.3953 | -Pen: 455.3531,
T013,AGL-1,oleanolic acid,GlcA1Hex1Pen1,C47H74O18,926.4875,925.4802,971.4857,949.4767,predicted,,-Hex: 763.4274 | -Pen: 631.3852 | -GlcA: 455.3531,
T014,AGL-1,oleanolic acid,Hex3,C48H78O18,942.5188,941.5115,987.517,965.508,predicted,,-Hex: 779.4587 | -Hex: 617.4059 | -Hex: 455.3531,
T015,AGL-1,oleanolic acid,GlcA1Hex2,C48H76O19,956.4981,955.4908,1001.4963,979.4873,predicted,,-Hex: 793.4380 | -Hex: 631.3852 | -GlcA: 455.3531,
T016,AGL-2,"3beta-hydroxy-23-aldehyde-30-norolean-12,20(29)-dien-28-oic acid",aglycone,C29H42O4,454.3083,453.301,499.3065,477.2975,aglycone,,,
T017,AGL-2,"3beta-hydroxy-23-aldehyde-30-norolean-12,20(29)-dien-28-oic acid",Pen1,C34H50O8,586.3506,585.3433,631.3488,609.3398,predicted,,-Pen: 453.3010,
T018,AGL-2,"3beta-hydroxy-23-aldehyde-30-norolean-12,20(29)-dien-28-oic acid",Hex1,C35H52O9,616.3611,615.3539,661.3593,639.3504,published,salaheldine2019 cpd 1 (28-O-Glc ester),-Hex: 453.3010,
T019,AGL-2,"3beta-hydroxy-23-aldehyde-30-norolean-12,20(29)-dien-28-oic acid",GlcA1,C35H50O10,630.3404,629.3331,675.3386,653.3296,predicted,,-GlcA: 453.3010,
T020,AGL-2,"3beta-hydroxy-23-aldehyde-30-norolean-12,20(29)-dien-28-oic acid",Pen2,C39H58O12,718.3928,717.3856,763.391,741.382,predicted,,-Pen: 585.3433 | -Pen: 453.3010,
T021,AGL-2,"3beta-hydroxy-23-aldehyde-30-norolean-12,20(29)-dien-28-oic acid",Hex1Pen1,C40H60O13,748.4034,747.3961,793.4016,771.3926,predicted,,-Hex: 585.3433 | -Pen: 453.3010,
T022,AGL-2,"3beta-hydroxy-23-aldehyde-30-norolean-12,20(29)-dien-28-oic acid",GlcA1Pen1,C40H58O14,762.3827,761.3754,807.3809,785.3719,predicted,,-Pen: 629.3331 | -GlcA: 453.3010,
T023,AGL-2,"3beta-hydroxy-23-aldehyde-30-norolean-12,20(29)-dien-28-oic acid",Hex2,C41H62O14,778.414,777.4067,823.4122,801.4032,published,"salaheldine2019 cpd 2 (3-O-Gal, 28-O-Glc)",-Hex: 615.3539 | -Hex: 453.3010,
T024,AGL-2,"3beta-hydroxy-23-aldehyde-30-norolean-12,20(29)-dien-28-oic acid",GlcA1Hex1,C41H60O15,792.3932,791.3859,837.3914,815.3824,predicted,,-Hex: 629.3331 | -GlcA: 453.3010,
T025,AGL-2,"3beta-hydroxy-23-aldehyde-30-norolean-12,20(29)-dien-28-oic acid",Hex1Pen2,C45H68O17,880.4457,879.4384,925.4439,903.4349,predicted,,-Hex: 717.3856 | -Pen: 585.3433 | -Pen: 453.3010,
T026,AGL-2,"3beta-hydroxy-23-aldehyde-30-norolean-12,20(29)-dien-28-oic acid",GlcA1Pen2,C45H66O18,894.4249,893.4176,939.4231,917.4141,predicted,,-Pen: 761.3754 | -Pen: 629.3331 | -GlcA: 453.3010,
T027,AGL-2,"3beta-hydroxy-23-aldehyde-30-norolean-12,20(29)-dien-28-oic acid",Hex2Pen1,C46H70O18,910.4562,909.4489,955.4544,933.4454,predicted,,-Hex: 747.3961 | -Hex: 585.3433 | -Pen: 453.3010,
T028,AGL-2,"3beta-hydroxy-23-aldehyde-30-norolean-12,20(29)-dien-28-oic acid",GlcA1Hex1Pen1,C46H68O19,924.4355,923.4282,969.4337,947.4247,predicted,,-Hex: 761.3754 | -Pen: 629.3331 | -GlcA: 453.3010,
T029,AGL-2,"3beta-hydroxy-23-aldehyde-30-norolean-12,20(29)-dien-28-oic acid",Hex3,C47H72O19,940.4668,939.4595,985.465,963.456,predicted,,-Hex: 777.4067 | -Hex: 615.3539 | -Hex: 453.3010,
T030,AGL-2,"3beta-hydroxy-23-aldehyde-30-norolean-12,20(29)-dien-28-oic acid",GlcA1Hex2,C47H70O20,954.446,953.4388,999.4442,977.4353,predicted,,-Hex: 791.3859 | -Hex: 629.3331 | -GlcA: 453.3010,
T031,AGL-3,"30-norolean-12,20(29)-dien-28-oic acid (aglycone of compound 3)",aglycone,C29H44O3,440.329,439.3218,485.3272,463.3183,aglycone,,,
T032,AGL-3,"30-norolean-12,20(29)-dien-28-oic acid (aglycone of compound 3)",Pen1,C34H52O7,572.3713,571.364,617.3695,595.3605,predicted,,-Pen: 439.3218,
T033,AGL-3,"30-norolean-12,20(29)-dien-28-oic acid (aglycone of compound 3)",Hex1,C35H54O8,602.3819,601.3746,647.3801,625.3711,predicted,,-Hex: 439.3218,
T034,AGL-3,"30-norolean-12,20(29)-dien-28-oic acid (aglycone of compound 3)",GlcA1,C35H52O9,616.3611,615.3539,661.3593,639.3504,predicted,,-GlcA: 439.3218,
T035,AGL-3,"30-norolean-12,20(29)-dien-28-oic acid (aglycone of compound 3)",Pen2,C39H60O11,704.4136,703.4063,749.4118,727.4028,predicted,,-Pen: 571.3640 | -Pen: 439.3218,
T036,AGL-3,"30-norolean-12,20(29)-dien-28-oic acid (aglycone of compound 3)",Hex1Pen1,C40H62O12,734.4241,733.4169,779.4223,757.4133,published,"salaheldine2019 cpd 3 (3-O-Xyl, 28-O-Glc)",-Hex: 571.3640 | -Pen: 439.3218,
T037,AGL-3,"30-norolean-12,20(29)-dien-28-oic acid (aglycone of compound 3)",GlcA1Pen1,C40H60O13,748.4034,747.3961,793.4016,771.3926,predicted,,-Pen: 615.3539 | -GlcA: 439.3218,
T038,AGL-3,"30-norolean-12,20(29)-dien-28-oic acid (aglycone of compound 3)",Hex2,C41H64O13,764.4347,763.4274,809.4329,787.4239,predicted,,-Hex: 601.3746 | -Hex: 439.3218,
T039,AGL-3,"30-norolean-12,20(29)-dien-28-oic acid (aglycone of compound 3)",GlcA1Hex1,C41H62O14,778.414,777.4067,823.4122,801.4032,predicted,,-Hex: 615.3539 | -GlcA: 439.3218,
T040,AGL-3,"30-norolean-12,20(29)-dien-28-oic acid (aglycone of compound 3)",Hex1Pen2,C45H70O16,866.4664,865.4591,911.4646,889.4556,predicted,,-Hex: 703.4063 | -Pen: 571.3640 | -Pen: 439.3218,
T041,AGL-3,"30-norolean-12,20(29)-dien-28-oic acid (aglycone of compound 3)",GlcA1Pen2,C45H68O17,880.4457,879.4384,925.4439,903.4349,predicted,,-Pen: 747.3961 | -Pen: 615.3539 | -GlcA: 439.3218,
T042,AGL-3,"30-norolean-12,20(29)-dien-28-oic acid (aglycone of compound 3)",Hex2Pen1,C46H72O17,896.477,895.4697,941.4752,919.4662,predicted,,-Hex: 733.4169 | -Hex: 571.3640 | -Pen: 439.3218,
T043,AGL-3,"30-norolean-12,20(29)-dien-28-oic acid (aglycone of compound 3)",GlcA1Hex1Pen1,C46H70O18,910.4562,909.4489,955.4544,933.4454,predicted,,-Hex: 747.3961 | -Pen: 615.3539 | -GlcA: 439.3218,
T044,AGL-3,"30-norolean-12,20(29)-dien-28-oic acid (aglycone of compound 3)",Hex3,C47H74O18,926.4875,925.4802,971.4857,949.4767,predicted,,-Hex: 763.4274 | -Hex: 601.3746 | -Hex: 439.3218,
T045,AGL-3,"30-norolean-12,20(29)-dien-28-oic acid (aglycone of compound 3)",GlcA1Hex2,C47H72O19,940.4668,939.4595,985.465,963.456,predicted,,-Hex: 777.4067 | -Hex: 615.3539 | -GlcA: 439.3218,
T046,AGL-4,"3beta,20alpha-dihydroxy-30-nor-olean-12-ene-23,28-dioic acid",aglycone,C29H44O6,488.3138,487.3065,533.312,511.303,aglycone,,,
T047,AGL-4,"3beta,20alpha-dihydroxy-30-nor-olean-12-ene-23,28-dioic acid",Pen1,C34H52O10,620.356,619.3488,665.3543,643.3453,predicted,,-Pen: 487.3065,
T048,AGL-4,"3beta,20alpha-dihydroxy-30-nor-olean-12-ene-23,28-dioic acid",Hex1,C35H54O11,650.3666,649.3593,695.3648,673.3558,predicted,,-Hex: 487.3065,
T049,AGL-4,"3beta,20alpha-dihydroxy-30-nor-olean-12-ene-23,28-dioic acid",GlcA1,C35H52O12,664.3459,663.3386,709.3441,687.3351,predicted,,-GlcA: 487.3065,
T050,AGL-4,"3beta,20alpha-dihydroxy-30-nor-olean-12-ene-23,28-dioic acid",Pen2,C39H60O14,752.3983,751.391,797.3965,775.3875,predicted,,-Pen: 619.3488 | -Pen: 487.3065,
T051,AGL-4,"3beta,20alpha-dihydroxy-30-nor-olean-12-ene-23,28-dioic acid",Hex1Pen1,C40H62O15,782.4089,781.4016,827.4071,805.3981,predicted,,-Hex: 619.3488 | -Pen: 487.3065,
T052,AGL-4,"3beta,20alpha-dihydroxy-30-nor-olean-12-ene-23,28-dioic acid",GlcA1Pen1,C40H60O16,796.3881,795.3809,841.3863,819.3774,predicted,,-Pen: 663.3386 | -GlcA: 487.3065,
T053,AGL-4,"3beta,20alpha-dihydroxy-30-nor-olean-12-ene-23,28-dioic acid",Hex2,C41H64O16,812.4194,811.4122,857.4176,835.4087,predicted,,-Hex: 649.3593 | -Hex: 487.3065,
T054,AGL-4,"3beta,20alpha-dihydroxy-30-nor-olean-12-ene-23,28-dioic acid",GlcA1Hex1,C41H62O17,826.3987,825.3914,871.3969,849.3879,predicted,,-Hex: 663.3386 | -GlcA: 487.3065,
T055,AGL-4,"3beta,20alpha-dihydroxy-30-nor-olean-12-ene-23,28-dioic acid",Hex1Pen2,C45H70O19,914.4511,913.4439,959.4493,937.4404,predicted,,-Hex: 751.3910 | -Pen: 619.3488 | -Pen: 487.3065,
T056,AGL-4,"3beta,20alpha-dihydroxy-30-nor-olean-12-ene-23,28-dioic acid",GlcA1Pen2,C45H68O20,928.4304,927.4231,973.4286,951.4196,predicted,,-Pen: 795.3809 | -Pen: 663.3386 | -GlcA: 487.3065,
T057,AGL-4,"3beta,20alpha-dihydroxy-30-nor-olean-12-ene-23,28-dioic acid",Hex2Pen1,C46H72O20,944.4617,943.4544,989.4599,967.4509,predicted,,-Hex: 781.4016 | -Hex: 619.3488 | -Pen: 487.3065,
T058,AGL-4,"3beta,20alpha-dihydroxy-30-nor-olean-12-ene-23,28-dioic acid",GlcA1Hex1Pen1,C46H70O21,958.441,957.4337,1003.4392,981.4302,predicted,,-Hex: 795.3809 | -Pen: 663.3386 | -GlcA: 487.3065,
T059,AGL-4,"3beta,20alpha-dihydroxy-30-nor-olean-12-ene-23,28-dioic acid",Hex3,C47H74O21,974.4723,973.465,1019.4705,997.4615,predicted,,-Hex: 811.4122 | -Hex: 649.3593 | -Hex: 487.3065,
T060,AGL-4,"3beta,20alpha-dihydroxy-30-nor-olean-12-ene-23,28-dioic acid",GlcA1Hex2,C47H72O22,988.4515,987.4442,1033.4497,1011.4407,predicted,,-Hex: 825.3914 | -Hex: 663.3386 | -GlcA: 487.3065,
T061,AGL-5,3beta-hydroxy-23-aldehyde-lup-20(29)-en-28-oic acid,aglycone,C30H46O4,470.3396,469.3323,515.3378,493.3288,aglycone,,,
T062,AGL-5,3beta-hydroxy-23-aldehyde-lup-20(29)-en-28-oic acid,Pen1,C35H54O8,602.3819,601.3746,647.3801,625.3711,predicted,,-Pen: 469.3323,
T063,AGL-5,3beta-hydroxy-23-aldehyde-lup-20(29)-en-28-oic acid,Hex1,C36H56O9,632.3924,631.3852,677.3906,655.3817,predicted,,-Hex: 469.3323,
T064,AGL-5,3beta-hydroxy-23-aldehyde-lup-20(29)-en-28-oic acid,GlcA1,C36H54O10,646.3717,645.3644,691.3699,669.3609,predicted,,-GlcA: 469.3323,
T065,AGL-5,3beta-hydroxy-23-aldehyde-lup-20(29)-en-28-oic acid,Pen2,C40H62O12,734.4241,733.4169,779.4223,757.4133,predicted,,-Pen: 601.3746 | -Pen: 469.3323,
T066,AGL-5,3beta-hydroxy-23-aldehyde-lup-20(29)-en-28-oic acid,Hex1Pen1,C41H64O13,764.4347,763.4274,809.4329,787.4239,predicted,,-Hex: 601.3746 | -Pen: 469.3323,
T067,AGL-5,3beta-hydroxy-23-aldehyde-lup-20(29)-en-28-oic acid,GlcA1Pen1,C41H62O14,778.414,777.4067,823.4122,801.4032,predicted,,-Pen: 645.3644 | -GlcA: 469.3323,
T068,AGL-5,3beta-hydroxy-23-aldehyde-lup-20(29)-en-28-oic acid,Hex2,C42H66O14,794.4453,793.438,839.4435,817.4345,predicted,,-Hex: 631.3852 | -Hex: 469.3323,
T069,AGL-5,3beta-hydroxy-23-aldehyde-lup-20(29)-en-28-oic acid,GlcA1Hex1,C42H64O15,808.4245,807.4172,853.4227,831.4137,published,"gamal2022 cpd 7 (3-O-GlcA, 28-O-Glc)",-Hex: 645.3644 | -GlcA: 469.3323,
T070,AGL-5,3beta-hydroxy-23-aldehyde-lup-20(29)-en-28-oic acid,Hex1Pen2,C46H72O17,896.477,895.4697,941.4752,919.4662,predicted,,-Hex: 733.4169 | -Pen: 601.3746 | -Pen: 469.3323,
T071,AGL-5,3beta-hydroxy-23-aldehyde-lup-20(29)-en-28-oic acid,GlcA1Pen2,C46H70O18,910.4562,909.4489,955.4544,933.4454,predicted,,-Pen: 777.4067 | -Pen: 645.3644 | -GlcA: 469.3323,
T072,AGL-5,3beta-hydroxy-23-aldehyde-lup-20(29)-en-28-oic acid,Hex2Pen1,C47H74O18,926.4875,925.4802,971.4857,949.4767,predicted,,-Hex: 763.4274 | -Hex: 601.3746 | -Pen: 469.3323,
T073,AGL-5,3beta-hydroxy-23-aldehyde-lup-20(29)-en-28-oic acid,GlcA1Hex1Pen1,C47H72O19,940.4668,939.4595,985.465,963.456,predicted,,-Hex: 777.4067 | -Pen: 645.3644 | -GlcA: 469.3323,
T074,AGL-5,3beta-hydroxy-23-aldehyde-lup-20(29)-en-28-oic acid,Hex3,C48H76O19,956.4981,955.4908,1001.4963,979.4873,predicted,,-Hex: 793.4380 | -Hex: 631.3852 | -Hex: 469.3323,
T075,AGL-5,3beta-hydroxy-23-aldehyde-lup-20(29)-en-28-oic acid,GlcA1Hex2,C48H74O20,970.4773,969.4701,1015.4755,993.4666,predicted,,-Hex: 807.4172 | -Hex: 645.3644 | -GlcA: 469.3323,
T076,AGL-6,"3beta-hydroxy-lup-20(29)-ene-23,28-dioic acid",aglycone,C30H46O5,486.3345,485.3272,531.3327,509.3237,aglycone,,,
T077,AGL-6,"3beta-hydroxy-lup-20(29)-ene-23,28-dioic acid",Pen1,C35H54O9,618.3768,617.3695,663.375,641.366,predicted,,-Pen: 485.3272,
T078,AGL-6,"3beta-hydroxy-lup-20(29)-ene-23,28-dioic acid",Hex1,C36H56O10,648.3873,647.3801,693.3856,671.3766,published,gamal2022 cpd 5 (23-O-Glc ester),-Hex: 485.3272,
T079,AGL-6,"3beta-hydroxy-lup-20(29)-ene-23,28-dioic acid",GlcA1,C36H54O11,662.3666,661.3593,707.3648,685.3558,predicted,,-GlcA: 485.3272,
T080,AGL-6,"3beta-hydroxy-lup-20(29)-ene-23,28-dioic acid",Pen2,C40H62O13,750.419,749.4118,795.4172,773.4083,predicted,,-Pen: 617.3695 | -Pen: 485.3272,
T081,AGL-6,"3beta-hydroxy-lup-20(29)-ene-23,28-dioic acid",Hex1Pen1,C41H64O14,780.4296,779.4223,825.4278,803.4188,predicted,,-Hex: 617.3695 | -Pen: 485.3272,
T082,AGL-6,"3beta-hydroxy-lup-20(29)-ene-23,28-dioic acid",GlcA1Pen1,C41H62O15,794.4089,793.4016,839.4071,817.3981,predicted,,-Pen: 661.3593 | -GlcA: 485.3272,
T083,AGL-6,"3beta-hydroxy-lup-20(29)-ene-23,28-dioic acid",Hex2,C42H66O15,810.4402,809.4329,855.4384,833.4294,predicted,,-Hex: 647.3801 | -Hex: 485.3272,
T084,AGL-6,"3beta-hydroxy-lup-20(29)-ene-23,28-dioic acid",GlcA1Hex1,C42H64O16,824.4194,823.4122,869.4176,847.4087,published,"gamal2022 cpd 6 (3-O-GlcA, 28-O-Glc)",-Hex: 661.3593 | -GlcA: 485.3272,
T085,AGL-6,"3beta-hydroxy-lup-20(29)-ene-23,28-dioic acid",Hex1Pen2,C46H72O18,912.4719,911.4646,957.4701,935.4611,predicted,,-Hex: 749.4118 | -Pen: 617.3695 | -Pen: 485.3272,
T086,AGL-6,"3beta-hydroxy-lup-20(29)-ene-23,28-dioic acid",GlcA1Pen2,C46H70O19,926.4511,925.4439,971.4493,949.4404,predicted,,-Pen: 793.4016 | -Pen: 661.3593 | -GlcA: 485.3272,
T087,AGL-6,"3beta-hydroxy-lup-20(29)-ene-23,28-dioic acid",Hex2Pen1,C47H74O19,942.4824,941.4752,987.4806,965.4717,predicted,,-Hex: 779.4223 | -Hex: 617.3695 | -Pen: 485.3272,
T088,AGL-6,"3beta-hydroxy-lup-20(29)-ene-23,28-dioic acid",GlcA1Hex1Pen1,C47H72O20,956.4617,955.4544,1001.4599,979.4509,predicted,,-Hex: 793.4016 | -Pen: 661.3593 | -GlcA: 485.3272,
T089,AGL-6,"3beta-hydroxy-lup-20(29)-ene-23,28-dioic acid",Hex3,C48H76O20,972.493,971.4857,1017.4912,995.4822,predicted,,-Hex: 809.4329 | -Hex: 647.3801 | -Hex: 485.3272,
T090,AGL-6,"3beta-hydroxy-lup-20(29)-ene-23,28-dioic acid",GlcA1Hex2,C48H74O21,986.4723,985.465,1031.4705,1009.4615,predicted,,-Hex: 823.4122 | -Hex: 661.3593 | -GlcA: 485.3272,
