candidate_id	rnaspades_genes	transcript_id	length_aa	complete_or_partial	family	pfam	reference	reference_acc	pct_identity	query_cov	best_amaranthaceae_hit	tree_placement	tpm_sum	expression_rank	proposed_step	confidence	notes
AaOSC-bAS-A	g7405;g2508	NODE_20735(g7405_i1) + NODE_5413(g2508_i2), joined	764	joined_in_silico	OSC	SQHop_cyclase_N + SQHop_cyclase_C (across the two parts)	Saponaria_SobAS1	A0AAW1L0L7	85.6	99.1	A0ABM3RV64 Spinacia oleracea 91.4%	with Saponaria_SobAS1 (bAS) in a clade of 6 leaves, SH-like support 0.888	1056.3	113 / 96929	2,3-oxidosqualene -> beta-amyrin (oleanane branch)	medium-high	ORF joined in silico from two rnaSPAdes genes (g7405 aa 1-555 + g2508 internal-Met ORF) over a 238-aa overlap with 100% identity; bAS-type Trp at the Kushiro-2000 position (IWCYCR). Junction must be confirmed by RT-PCR.
AaOSC-bAS-B	g14739;g10797	NODE_27191_length_1636_cov_1244.003810_g14739_i0	493	PARTIAL(3-prime-partial)	OSC	SQHop_cyclase_N:2.6e-37	Saponaria_SobAS1	A0AAW1L0L7	86.8	100.0	A0ABM3RV64 Spinacia oleracea 90.3%	with Saponaria_SobAS1 (bAS) in a clade of 6 leaves, SH-like support 0.888	238.3	913 / 96929	beta-amyrin (or mixed) synthase	medium	3'-partial (aa 1-493). g14739/g10797 99.4% identical (alleles or assembly variants); 95-96% identical to bAS-A over the overlap = second paralog. Phe (IFCYCR) instead of the bAS Trp at the Kushiro-2000 position -> product not predictable.
AaOSC-LUP-1	g7093	NODE_12407_length_2597_cov_22.508675_g7093_i0	760	complete	OSC	SQHop_cyclase_C:3.2e-49;SQHop_cyclase_N:1.4e-35	Betula_OSCBPW	Q8W3Z2	68.4	98.8	A0A9R0I7R8 Spinacia oleracea 78.0%	with Betula_OSCBPW (LUP) in a clade of 4 leaves, SH-like support 1.0	7.1	14008 / 96929	2,3-oxidosqualene -> lupeol (lupane branch)	medium	Complete. Clusters with characterised lupeol synthases of Betula and Glycyrrhiza; carries the lupeol-type Leu (TLCYCR). Fits the lupane saponins of gamal2022.
AaOSC-LUP-2	g6626	NODE_11548_length_2682_cov_32.735216_g6626_i0	761	complete	OSC	SQHop_cyclase_C:3.3e-48;SQHop_cyclase_N:3.7e-37	Betula_OSCBPW	Q8W3Z2	65.9	98.6	A0A9R0I7R8 Spinacia oleracea 75.0%	with Betula_OSCBPW (LUP) in a clade of 4 leaves, SH-like support 1.0	13.0	9768 / 96929	lupeol (or other pentacyclic) synthase	low-medium	Complete. Sister to AaOSC-LUP-1 inside the LUP clade, but has Trp (NFWCYCR) at the Kushiro-2000 position -> product uncertain.
AaOSC-CAS	g3483	NODE_7783_length_3159_cov_113.019690_g3483_i1	756	complete	OSC	SQHop_cyclase_C:3.8e-47;SQHop_cyclase_N:7.5e-36	Ricinus_CAS	Q2XPU6	79.4	99.7	A0A9R0IV26 Spinacia oleracea 89.9%	with Ricinus_CAS (CAS) in a clade of 7 leaves, SH-like support 0.963	38.2	3493 / 96929	cycloartenol (sterols; housekeeping control)	high	Complete; sterol cyclase, not saponin pathway. Included as an internal control (WCHCR motif like all CAS).
AaCYP716A	g8081;g28922;g33474	NODE_29014_length_1544_cov_7716.311531_g8081_i2	483	complete	CYP	p450:1.5e-54	Saponaria_CYP716A378	A0AAW1NEA3	81.5	100.0	A0A9R0HQS4 Spinacia oleracea 86.6%	with Saponaria_CYP716A378 (C28ox) in a clade of 4 leaves, SH-like support 1.0	3632.1	25 / 96929	C-28 oxidation (beta-amyrin -> oleanolic acid; lupeol -> betulinic acid is a hypothesis)	high	Complete 483 aa; 81.5% identical to soapwort CYP716A378 (characterised C-28 oxidase, jo2025). g28922 and g33474 are 100%-identical fragments of the same gene; TPM below is the sum of the three.
AaCYP72A-1	g31	NODE_14468_length_2418_cov_3531.389478_g31_i7	532	complete	CYP	p450:1.4e-72	Saponaria_CYP72A984	A0AAW1J8D7	60.9	97.9	A0A9R0JSM8 Spinacia oleracea 67.9%	with Saponaria_CYP72A984 (C23ox) in a clade of 2 leaves, SH-like support 0.992	1234.0	63 / 96929	C-23 oxidation (-> 23-CHO / 23-COOH)	medium-high	Complete 532 aa; 60.9% to soapwort CYP72A984 (C-23 methyl -> carboxyl, jo2025). Subfamily-level identity, but CYP72A functions vary (C-2, C-23, C-30). Matches the 23-aldehyde/23-acid lupane saponins of gamal2022.
AaCYP72A-2..5	g6754;g8816;g1975;g8362	NODE_15656_length_2320_cov_144.782205_g6754_i3	522	complete	CYP	p450:4.3e-83	Saponaria_CYP72A984	A0AAW1J8D7	56.4	97.7	A0A9R0IG01 Spinacia oleracea 77.2%	with Saponaria_CYP72A984 (C23ox) in a clade of 7 leaves, SH-like support 0.857	139.1	2258 / 96929	paralogs of AaCYP72A-1 (function open)	low	Complete 521-532 aa, 56-60% to CYP72A984; expanded Anabasis-specific CYP72A cluster in the tree. Lower expression.
AaCSL-1	g936	NODE_7973_length_3127_cov_2168.526419_g936_i2	704	complete	CSL	Cellulose_synt:1.3e-70	Saponaria_SoCSL1	A0AAW1HA02	68.4	99.7	A0A803LMF7 Chenopodium quinoa 73.4%	with Saponaria_SoCSL1 (C3-sugar) in a clade of 2 leaves, SH-like support 1.0	719.3	122 / 96929	C-3 first sugar (glucuronic acid by analogy)	high	Complete 704 aa; 68.4% to soapwort CSL1 (starts the C-3 sugar chain, jo2025). Cellulose-synthase-derived enzymes add the C-3 GlcA in legumes (chung2020) and quinoa (zhang2025). gamal2022 compounds 6-7 carry 3-O-GlcA.
AaCSL-M1..3	g6759;g7475;g7869	NODE_11792_length_2656_cov_37.912524_g6759_i0	751	complete	CSL	Cellulose_synt:3.1e-77	Glycine_GmCSLM1	A0A7I6PDX0	48.0	96.4	A0A803KUU6 Chenopodium quinoa 63.1%	with Glycine_GmCSLM1 (C3-GlcA) in a clade of 5 leaves, SH-like support 0.992	28.9	8974 / 96929	alternative C-3 glucuronosyltransferases (CslM-type)	low-medium	Complete 748-762 aa; sister to soybean CSLM1/2 (beta-amyrin glucuronosyltransferases, jozwiak2020). Low expression.
AaUGT74-1	g8469	NODE_14990_length_2374_cov_294.891051_g8469_i0	487	complete	UGT	UDPGT:1.4e-25	UGT74CD1	A0AAW1M2U7	51.9	95.9	A0A9R0JJD4 Spinacia oleracea 63.7%	no tree (UGT: family-level only)	102.0	1130 / 96929	C-28 ester first sugar (Glc)	low-medium	Complete 487 aa; 51.9% to soapwort UGT74CD1 (starts the C-28 chain, jo2025). Family-level identity only. Quinoa C-28 ester glucosyltransferase is also UGT74 (CqUGT74BB3, zhang2025).
AaUGT73-1	g7054	NODE_17461_length_2190_cov_802.267262_g7054_i1	500	complete	UGT	UDPGT:5.4e-17	UGT73CC6	A0AAW1J9R8	41.5	96.6	A0A803N6T9 Chenopodium quinoa 79.0%	no tree (UGT: family-level only)	277.8	344 / 96929	sugar-chain elongation (open)	low	Complete 500 aa; 41.5% to soapwort UGT73CC6 (branches the C-3 chain with Xyl). High expression, weak homology.
AaUGT73-2	g13108	NODE_23982_length_1803_cov_98.574053_g13108_i0	510	complete	UGT	UDPGT:2.1e-17	UGT73DL1	A0AAW1K8I9	50.1	96.9	A0A803KY08 Chenopodium quinoa 67.0%	no tree (UGT: family-level only)	34.7	3877 / 96929	sugar-chain elongation (open)	low	Complete 510 aa; 50.1% to soapwort UGT73DL1 (adds Gal to the C-3 GlcA).
AaUGT73-3	g12002	NODE_21831_length_1920_cov_137.599785_g12002_i0	485	complete	UGT	UDPGT:1.9e-18	UGT73M2	A0AAW1J1B8	51.3	99.6	A0A9R0JYU2 Spinacia oleracea 70.7%	no tree (UGT: family-level only)	47.1	2746 / 96929	sugar-chain elongation (open)	low	Complete 485 aa; 51.3% to soapwort UGT73M2 (C-28 chain Xyl).
AaUGT79-1	g16827	NODE_33387_length_1358_cov_171.403238_g16827_i1	418	PARTIAL(3-prime-partial)	UGT	UDPGT:5.6e-08	UGT79T1	A0AAW1IQ05	55.2	100.0	A0A9R0JXA3 Spinacia oleracea 69.7%	no tree (UGT: family-level only)	88.9	1298 / 96929	sugar-chain elongation (open)	low	3'-partial 418 aa; 55.2% to soapwort UGT79T1 (C-28 chain deoxyhexose).
