route	label	scale_t_pc	cost_pc_P10	cost_pc_P50	cost_pc_P90	cost_product34_P50	cost_E18eq_P50	p_below_low	p_below_mid	p_below_high	capex_M_P50	capex_M_P10	capex_M_P90	Vw_m3_P50	vessels_P50	sugar_t_P50	dates_t_P50	biomass_t_P50	OTR_mmol_L_h_P50	OTR_P90	cooling_MW_P50	evap_m3_y_P50	sugar_usd_kg_P50
R0_eu_sterile_str_glucose	Reference: EU, sterile stirred tank, glucose (incumbent-like)	25	423.476	501.534	610.918	170.521	120.368	0.0	0.0	0.587	25.202	17.963	36.069	243.472	2.0	3237.232	0.0	1550.386	21.875	30.027	0.68	7985.562	0.514
R0_eu_sterile_str_glucose	Reference: EU, sterile stirred tank, glucose (incumbent-like)	50	315.274	397.586	502.878	135.179	95.421	0.0	0.133	0.924	45.768	29.729	67.398	486.964	3.0	6476.402	0.0	3097.287	21.916	30.061	1.361	15965.409	0.514
R0_eu_sterile_str_glucose	Reference: EU, sterile stirred tank, glucose (incumbent-like)	100	261.896	328.441	426.248	111.67	78.826	0.0	0.473	0.986	80.045	54.277	119.37	971.665	5.0	12942.183	0.0	6193.351	21.864	29.955	2.719	31927.946	0.513
R0_eu_sterile_str_glucose	Reference: EU, sterile stirred tank, glucose (incumbent-like)	200	226.707	287.973	379.874	97.911	69.114	0.0	0.715	0.996	143.839	97.238	217.195	1943.801	10.0	25896.504	0.0	12397.973	21.931	30.014	5.444	63912.213	0.514
R1_naive_batch_dates	Naive: batch on date syrup, sugar in excess, air only	25	947.679	1352.305	1977.489	459.784	324.553	0.0	0.0	0.0	86.509	55.897	137.141	1357.603	7.0	15519.7	31644.683	6937.02	20.807	29.927	3.59	42138.28	0.531
R1_naive_batch_dates	Naive: batch on date syrup, sugar in excess, air only	50	818.833	1191.481	1777.25	405.104	285.955	0.0	0.0	0.0	152.193	96.874	244.179	2702.122	14.0	30945.24	63120.218	13837.009	20.785	29.981	7.159	84044.94	0.531
R1_naive_batch_dates	Naive: batch on date syrup, sugar in excess, air only	100	736.814	1092.18	1645.295	371.341	262.123	0.0	0.0	0.004	273.499	172.18	443.997	5405.595	28.0	61935.94	126280.711	27690.901	20.799	30.01	14.336	168288.627	0.532
R1_naive_batch_dates	Naive: batch on date syrup, sugar in excess, air only	200	681.276	1020.657	1554.536	347.023	244.958	0.0	0.0	0.01	499.603	310.267	821.405	10806.262	55.0	123698.328	252191.93	55310.518	20.747	29.97	28.584	335646.325	0.532
R2_climited_glucose	Recommended design on imported glucose	25	331.937	399.187	489.298	135.724	95.805	0.0	0.074	0.947	16.552	11.833	23.306	171.909	2.0	3061.76	0.0	1466.775	29.287	40.169	0.642	7540.516	0.727
R2_climited_glucose	Recommended design on imported glucose	50	253.003	312.027	405.611	106.089	74.886	0.0	0.579	0.995	26.977	18.786	41.535	342.893	2.0	6113.216	0.0	2929.163	29.285	40.301	1.283	15059.854	0.726
R2_climited_glucose	Recommended design on imported glucose	100	215.364	270.585	350.684	91.999	64.94	0.0	0.817	0.999	48.83	33.83	71.867	686.726	4.0	12241.362	0.0	5863.849	29.291	40.162	2.568	30122.512	0.727
R2_climited_glucose	Recommended design on imported glucose	200	189.684	242.194	317.371	82.346	58.127	0.0	0.917	1.0	85.982	58.803	127.463	1376.287	7.0	24508.647	0.0	11738.887	29.245	40.203	5.14	60311.769	0.727
R3_climited_dates_fedbatch	RECOMMENDED: carbon-limited fed-batch on date syrup, high DO (O2-enriched), 42C, pH 2	25	348.575	427.248	534.687	145.264	102.539	0.0	0.038	0.865	20.728	14.919	29.099	188.503	2.0	3594.232	7333.937	1605.686	34.598	48.858	0.834	9789.237	0.532
R3_climited_dates_fedbatch	RECOMMENDED: carbon-limited fed-batch on date syrup, high DO (O2-enriched), 42C, pH 2	50	263.754	336.125	443.427	114.282	80.67	0.0	0.434	0.978	34.351	23.733	51.237	377.126	2.0	7195.067	14666.379	3211.946	34.663	49.143	1.67	19585.129	0.53
R3_climited_dates_fedbatch	RECOMMENDED: carbon-limited fed-batch on date syrup, high DO (O2-enriched), 42C, pH 2	100	221.545	286.767	381.635	97.501	68.824	0.0	0.713	0.995	60.145	41.807	87.796	754.047	4.0	14403.388	29374.571	6422.798	34.684	49.059	3.339	39198.274	0.532
R3_climited_dates_fedbatch	RECOMMENDED: carbon-limited fed-batch on date syrup, high DO (O2-enriched), 42C, pH 2	200	192.822	253.475	342.36	86.182	60.834	0.0	0.854	0.999	104.373	71.827	154.257	1507.447	8.0	28814.476	58721.494	12847.76	34.695	49.039	6.688	78462.176	0.531
R4_climited_dates_continuous	Same, semi-continuous / chemostat cycles	25	351.611	424.051	522.255	144.177	101.772	0.0	0.03	0.89	19.832	14.603	27.173	169.311	2.0	3810.746	7772.026	1698.855	42.312	57.951	0.918	10398.08	0.531
R4_climited_dates_continuous	Same, semi-continuous / chemostat cycles	50	266.928	330.558	430.606	112.39	79.334	0.0	0.46	0.986	32.052	23.147	47.112	338.127	2.0	7620.701	15549.668	3398.992	42.377	58.013	1.832	20768.225	0.531
R4_climited_dates_continuous	Same, semi-continuous / chemostat cycles	100	224.468	283.85	369.281	96.509	68.124	0.0	0.745	0.998	56.673	40.6	80.405	677.09	4.0	15257.928	31105.485	6799.439	42.352	57.968	3.668	41599.791	0.531
R4_climited_dates_continuous	Same, semi-continuous / chemostat cycles	200	196.016	251.596	332.02	85.543	60.383	0.0	0.88	0.999	98.278	69.795	140.552	1353.755	7.0	30494.121	62269.684	13610.705	42.37	58.008	7.344	83254.92	0.532
R5_dates_with_biomass_credit	R3 + spent biomass sold as feed protein	25	340.418	416.803	521.791	141.713	100.033	0.0	0.054	0.892	20.689	14.907	29.07	188.276	2.0	3597.088	7337.15	1605.33	34.747	49.024	0.834	9791.506	0.531
R5_dates_with_biomass_credit	R3 + spent biomass sold as feed protein	50	255.8	325.668	430.921	110.727	78.16	0.0	0.492	0.983	34.283	23.72	51.314	375.96	2.0	7197.945	14664.414	3211.076	34.674	49.07	1.67	19608.053	0.531
R5_dates_with_biomass_credit	R3 + spent biomass sold as feed protein	100	212.982	276.001	367.123	93.84	66.24	0.0	0.77	0.997	60.012	41.72	87.558	753.674	4.0	14390.645	29333.73	6418.198	34.72	49.033	3.341	39211.104	0.531
R5_dates_with_biomass_credit	R3 + spent biomass sold as feed protein	200	184.829	242.645	328.169	82.499	58.235	0.001	0.891	0.999	104.462	71.929	154.161	1506.113	8.0	28765.883	58598.006	12838.262	34.638	49.038	6.662	78217.217	0.531
