scale_t_pc	price_anchor	price_usd_per_kg_pc	revenue_M	capex_M_P50	NPV_M_P10	NPV_M_P50	NPV_M_P90	P_NPV_pos	IRR_P50
25	low_china_E18_bulk	133.3	3.333	20.656	-58.891	-43.314	-32.235	0.0	
25	mid_china_E25	324.4	8.109	20.656	-32.727	-17.345	-6.775	0.007	-0.046
25	high_eu_E18_250kg	517.5	12.938	20.656	-8.224	5.15	14.921	0.708	0.161
50	low_china_E18_bulk	133.3	6.667	34.327	-91.639	-60.658	-39.882	0.0	-0.372
50	mid_china_E25	324.4	16.218	34.327	-39.65	-10.406	7.359	0.249	0.071
50	high_eu_E18_250kg	517.5	25.875	34.327	5.335	31.978	50.697	0.934	0.249
100	low_china_E18_bulk	133.3	13.333	60.169	-147.392	-92.859	-55.608	0.0	-0.282
100	mid_china_E25	324.4	32.436	60.169	-44.839	3.143	35.489	0.541	0.131
100	high_eu_E18_250kg	517.5	51.75	60.169	40.507	87.677	122.607	0.984	0.309
200	low_china_E18_bulk	133.3	26.667	104.531	-248.471	-147.371	-77.382	0.0	-0.199
200	mid_china_E25	324.4	64.872	104.531	-48.192	38.284	99.502	0.734	0.177
200	high_eu_E18_250kg	517.5	103.5	104.531	119.516	207.569	274.081	0.994	0.363
