c_pc_mg_g	Px_g_L_d	P_pc_g_L_d	cost_usd_per_kg_pc
5	10	0.0	1318.6
5	15	0.1	1080.4
5	20	0.1	951.7
5	25	0.1	870.2
5	30	0.2	818.4
5	40	0.2	749.2
10	10	0.1	730.2
10	15	0.2	597.0
10	20	0.2	527.8
10	25	0.2	489.4
10	30	0.3	455.8
10	40	0.4	418.2
15	10	0.2	522.1
15	15	0.2	433.0
15	20	0.3	380.9
15	25	0.4	357.6
15	30	0.4	337.8
15	40	0.6	304.0
20	10	0.2	415.1
20	15	0.3	343.1
20	20	0.4	305.5
20	25	0.5	284.4
20	30	0.6	266.2
20	40	0.8	245.5
25	10	0.2	353.9
25	15	0.4	296.9
25	20	0.5	261.5
25	25	0.6	241.8
25	30	0.8	235.7
25	40	1.0	216.4
30	10	0.3	304.9
30	15	0.4	261.7
30	20	0.6	227.9
30	25	0.8	220.3
30	30	0.9	203.9
30	40	1.2	185.2
35	10	0.4	274.1
35	15	0.5	233.1
35	20	0.7	211.5
35	25	0.9	193.6
35	30	1.0	188.7
35	40	1.4	168.9
40	10	0.4	247.9
40	15	0.6	208.6
40	20	0.8	187.9
40	25	1.0	181.6
40	30	1.2	165.8
40	40	1.6	156.4
50	10	0.5	215.0
50	15	0.8	189.2
50	20	1.0	169.9
50	25	1.2	152.6
50	30	1.5	146.6
50	40	2.0	138.5
