year	layer	title	venue	doi	found_via
2025	agronomy	The maturity of the dates and the sum of the temperatures	Acta Universitatis Sapientiae Agriculture and Environment	10.47745/ausae-2024-0004	openalex
2025	agronomy	The Ghout Agricultural System: Between Survival and Disappearance			europepmc
2024	agronomy	Metaxenic effect of seven pollen sources on biometrics and ripening rate of three cultivars of date palm (Phoenix dactylifera L.) cultivated in the Ziban region (Algeria)	South Florida Journal of Development	10.46932/sfjdv5n12-062	openalex
2022	agronomy	Economic Importance of Common Dates (Phoenix Dactylifera L) and Their Impact on the Sustainability of Palm Date’s Biodiversity in Ouargla Oasis (Algeria)	Al-Qadisiyah Journal For Agriculture Sciences	10.33794/qjas.2022.134244.1049	openalex
2020	agronomy	Interrelationships between some vegetative components and fruit quality of Algerian date palm	Agricultural Science and Technology	10.15547/ast.2020.01.014	openalex
2019	agronomy	Typology and varietal biodiversity of date palm farms in the North-East of Algerian Sahara	Journal of Taibah University for Science	10.1080/16583655.2019.1633006	openalex
2018	agronomy	Étude in vitro de la composition du milieu de culture et son impact sur la viabilité des grains de pollen de type (Ghars) chez le palmier dattier (Phoenix dactylifera L.).			openalex
2014	agronomy	تقييم ثلاثة طرق لتكييس أغاريض النخيل : دراسة حالة في منطقة ورقلة	Synthèse	10.12816/0027830	openalex
2014	agronomy	تقییم ثلاثة طرق لتكییس أغاریضالنخیل : دراسة حالة في منطقة ورقلة			openalex
2012	agronomy	Origin of the words denoting some of the most ancient old world pulse crops and their diversity in modern European languages.		10.1371/journal.pone.0044512	europepmc
2011	agronomy	Analyses biologique et agronomique de palmiers mâles et conduite de l'éclaircissage des fruits chez les cultivars Ghars et Deglet Nour			openalex
2007	agronomy	Inventaire des différents cultivars de palmier dattier (Phoenix dactylifera L.) des régions de Oued-Righ et de Oued-Souf (Algérie)	Science et changements planétaires / Sécheresse	10.1684/sec.2007.0078	openalex
2023	animal	PROTECTIVE AND ANTIOXIDANT CAPACITY OF DATE PALM SEEDS (PHOENIX DACTYLIFERA L.) ON HEPATOTOXICITY IN RATS	FARMACIA	10.31925/farmacia.2023.2.10	openalex
2021	animal	Phoenix dactylifera polyphenols improve plasma lipid profile in hyperlipidemic rats and oxidative stress on HepG2 cells	Journal of Herbs Spices & Medicinal Plants	10.1080/10496475.2021.1891175	openalex
2026	chemistry_bioassay	Impact of sun exposure on the quality of ‘Ghars’ dates in Southern Algeria	Acta agriculturae Slovenica	10.14720/aas.2026.122.1.25584	openalex
2026	chemistry_bioassay	Vpliv izpostavljenosti soncu na kakovost datljev ‘Ghars’ v južni Alžirij	Repository of the University of Ljubljana (University of Ljubljana)		openalex
2026	chemistry_bioassay	Screening of Chemical Profile by Lc‐Esi‐Ms/Ms and Assessment of Biological Properties of Phoenix dactylifera From Algeria	Chemistry & Biodiversity	10.1002/cbdv.71404	openalex
2025	chemistry_bioassay	Phytochemical Analysis and Bioactivity Evaluation of Phoenix dactylifera L. Ethanolic Extract and Cosmetic Cream: Antibacterial, Antioxidant, and Anti‐Inflammatory Properties	Biomedical Chromatography	10.1002/bmc.70199	openalex
2024	chemistry_bioassay	Chemical profiling of male date palm (Phoenix dactylifera L.) leaflets in El M’Ghair region, Algeria: Insights into total phenols, flavonoids, proteins, and total sugars	Acta agriculturae Slovenica	10.14720/aas.2024.120.1.16578	openalex
2024	chemistry_bioassay		Food Science & Nutrition	10.24966/fsn-1076/vol10iss3	openalex
2023	chemistry_bioassay	Biochemical composition and antioxidant properties of palm seed oil (Phoenix dactylifera L.)	CINECA IRIS Institutional Research Information System (University of Basilicata)		openalex
2022	chemistry_bioassay	Relation between storage temperature and phenolic compounds in date fruits (Phoenix dactylifera L.)	South Asian Journal of Experimental Biology	10.38150/sajeb.12(5).p708-715	openalex
2022	chemistry_bioassay	Assessment of Biochemical Composition and Antioxidant Properties of Algerian Date Palm (Phoenix dactylifera L.) Seed Oil	Plants	10.3390/plants11030381	openalex
2022	chemistry_bioassay	Evaluation of Antioxidant Capacity by Cyclic Voltammetry of Phoenix dactylifera L. (date palm)	Asian Journal of Research in Chemistry	10.52711/0974-4150.2022.00022	openalex
2022	chemistry_bioassay	Characterization of different cultivars of Algerian date palm (Phoenix dactylifera L.) leaves and pollen by comprehensive two-dimensional liquid chromatography of phenolic compounds extracted with different solvents	Microchemical Journal	10.1016/j.microc.2022.107874	openalex
2022	chemistry_bioassay	"Physico-chemical Analysis, Phytochemical content and Antioxidant properties of honey dates ""Robe"" of some Algeria date variety from Oued Righ and Oued Souf regions"	Asian Journal of Research in Chemistry	10.52711/0974-4150.2022.00070	openalex
2022	chemistry_bioassay	Impact of Gamma Irradiation as Preservation Technique on Phenolic Contents and Antioxidant Capacity of Two Mature Date’s Cultivars to Extend the Shelf Life	Journal of Biobased Materials and Bioenergy	10.1166/jbmb.2022.2234	openalex
2022	chemistry_bioassay	Effect of water salinity stress on dates biometric and biochemical characteristics	Algerian Journal of Biosciences	10.57056/ajb.v3i1.51	openalex
2020	chemistry_bioassay	Phytochemical content and Antioxidant properties of Ghars date palm Phoenix dactylifera L.) harvested at different stages of maturity	Asian Journal of Research in Chemistry	10.5958/0974-4150.2020.00062.0	openalex
2019	chemistry_bioassay	Comparing Chemical Composition and Digestibility of Pedicels and Palm Leaves as a Source for Livestock Feeding by in vitro and in situ Techniques	DIGITAL.CSIC (Spanish National Research Council (CSIC))		openalex
2018	chemistry_bioassay	Chemical characterization and in vitro antioxidant capacity of nine Algerian date palm cultivars (Phoenix dactylifera L.) seed oil	Mediterranean Journal of Nutrition and Metabolism	10.3233/mnm-17185	openalex
2016	chemistry_bioassay	CHEMICAL COMPOSITION AND ANTIOXIDANT ACTIVITY OF ALGERIAN DATES (CASE OF THE OASIS OF OUARGLA)	PONTE International Scientific Researchs Journal	10.21506/j.ponte.2016.11.3	openalex
2015	chemistry_bioassay	Phytochemical analysis, antioxidant and antimicrobial activities of leaves extract of date palm grown in Algeria	Journal of Fundamental and Applied Sciences	10.4314/jfas.v4i2.4	openalex
2015	chemistry_bioassay	Scavenging activity, anti-inflammatory and diabetes related enzyme inhibition properties of ethanol leaves extract of Phoenyx dactylifera	Journal of Fundamental and Applied Sciences	10.4314/jfas.v5i2.5	openalex
2014	chemistry_bioassay	Chemical Composition and Antioxidant Activity of Seed oil of Two Algerian Date Palm Cultivars ( Phoenix dactylifera )	Natural Product Communications	10.1177/1934578x1400901230	openalex
2014	chemistry_bioassay	Study of Antioxidant Properties of Five Algerian Date (Phoenix dactylifera L) Cultivars by Cyclic Voltammetric Technique	International Journal of Electrochemical Science	10.1016/s1452-3981(23)07766-0	openalex
2013	chemistry_bioassay	Evaluation of Phenolic Content and Antioxidant Capacity of Ethanolic Extract for Selected Varieties of Phoenyx dactylifera			openalex
2013	chemistry_bioassay	Scavenging Activity, Anti-Inflammatory and Diabetes Related Enzyme Inhibition Properties of Leaves Extract from some Varieties of Phoenyx dactylifera l.	International Letters of Chemistry Physics and Astronomy	10.18052/www.scipress.com/ilcpa.14.125	openalex
2013	chemistry_bioassay	Scavenging Activity, Anti-Inflammatory and Diabetes Related Enzyme Inhibition Properties of Leaves Extract from some Varieties of Phoenyx dactylifera l.	International Letters of Chemistry Physics and Astronomy	10.56431/p-8430hg	openalex
2011	chemistry_bioassay	Screening of antioxidant activity and phenolic compounds of various date palm (Phoenix dactylifera) fruits from Algeria	Mediterranean Journal of Nutrition and Metabolism	10.3233/s12349-011-0082-7	openalex
2026	food_tech	Physicochemical Characterization and Evaluation of Antioxidant and Antibacterial Activities in Processed Ghars Date Syrup	Current Analytical Chemistry	10.2174/0115734110432871260209111416	openalex
2025	food_tech	Conservation of Deglet Nour variety dates in syrup form and study of their quality	Agronomía Mesoamericana	10.15517/rhz23q56	openalex
2023	food_tech	Natural Antioxidant Extracts as Anti-browning Agents from Algerian Date Palm Fruit	Current Enzyme Inhibition	10.2174/1573408019666230807161244	openalex
2023	food_tech	Transformation des déchets de dattes de la région d’Adrar en bioéthanol	Journal of Renewable Energies	10.54966/jreen.v13i3.212	openalex
2022	food_tech	Chemical Characterization of Date Seeds ( Phoenix dactylifera L.) Cultivated in Algeria for its Application as Functional Ingredients	Acta Universitatis Cibiniensis. Series E: Food Technology	10.2478/aucft-2022-0012	openalex
2021	food_tech	Etude des caractéristiques physico-chimiques et microbiologiques de déchet des sirops de trois variétés de dattes « Deglet-Nour », « Ghars » et « Mnagger » de la région de Biskra	Dépôt Institutionnel de lUniversité de Tlemcen		openalex
2020	food_tech	Date Seeds as a Natural Source of Dietary Fibers to Improve Texture and Sensory Properties of Wheat Bread	Foods	10.3390/foods9060737	openalex
2018	food_tech	Effect of date varieties on physico-chemical properties, fatty acid composition, tocopherol contents, and phenolic compounds of some date seed and oils	Journal of Food Processing and Preservation	10.1111/jfpp.13584	openalex
2017	food_tech	Mise en évidence et inhibition du brunissementenzymatique post récolte des dattes Deglet Nouret Ghars			openalex
2015	food_tech	Effect of pH, temperature and some chemicals on polyphenoloxidase and peroxidase activities in harvested Deglet Nour and Ghars dates	Postharvest Biology and Technology	10.1016/j.postharvbio.2015.07.027	openalex
2013	food_tech	VALORISATION OF DATES (CULTIVAR 'GHARS') BY TECHNOLOGICAL PROCESS	Acta Horticulturae	10.17660/actahortic.2013.994.25	openalex
2009	food_tech	ETUDE QUANTITATIVE DES COMPOSES PHENOLIQUES DES EXTRAITS DETROIS VARIETES DE DATTES (Phoenix dactylifera L.) ET EVALUATIONIN VITRO DE LEUR ACTIVITE BIOLOGIQUE			openalex
2023	genetics	Use of Rapd and ISSR Polymorphisms for Detection of Molecular Diversity of Date Palm (Phoenix dactylifera L.) Cultivars from Algeria	Book Publisher International (a part of SCIENCEDOMAIN International)	10.9734/bpi/arbs/v3/10641f	openalex
2017	genetics	Molecular diversity in date palm (Phoenix dactylifera L.) cultivars from Algeria indicated by RAPD and ISSR polymorphisms	PLANT CELL BIOTECHNOLOGY AND MOLECULAR BIOLOGY		openalex
2004	genetics	Isolamento e caratterizzazione di sequenze microsatelliti in Phoenix dactylifera (L.)	Institutional Research Information System University of Turin (University of Turin)		openalex
2025	human	Post-prandial blood glucose of four cultivars of date palm (Phoenix dactylifera) in healthy subjects	مجلة الواحات للبحوث والدراسات	10.54246/4archw03	openalex
2021	human	Effect of Polysaccharides (pectins) on Postprandial Glucose	International Journal of Environment Agriculture and Biotechnology	10.22161/ijeab.62.7	openalex
2015	human	Effect of Adding the Spirulina (Arthrospira platensis), to Date Syrup on Glycemic Response and its Effectiveness to Reduce Post Prandial Blood Glucose	International journal of scientific research		openalex
2014	human	Fructose-rich syrup from Ghars cultivar dates (Phoenix dactylifera L.)	Emirates Journal of Food and Agriculture	10.9755/ejfa.v26i11.16755	openalex
2013	human	STUDY OF THE EFFECT OF DATES ON BLOOD GLUCOSE AND LIPID PROFILE IN HEALTHY HUMAN SUBJECTS			openalex
2026	in_silico	In vitro bioactivities and molecular docking analysis of methanolic extract from Phoenix dactylifera L. (cv. Ghars) seeds	International Microbiology	10.1007/s10123-026-00779-3	openalex
2026	materials_energy	Sustainable Graphene-like Carbon from Ghars Date Waste for Photothermal-Enhanced Solar Desalination: A Circular Economy Approach	Processes	10.3390/pr14162595	openalex
2024	materials_energy	A Kinetic and Thermodynamic Study of Cationic Thiazine Dye Removal From Aqueous Solution by Date Stones Variety Ghars	International Journal of Energy Research	10.1155/2024/4644094	openalex
2023	materials_energy	Ghars date extract/iodide ions system as an eco‐friendly corrosion inhibitor for API 5L X70 steel in sulfuric acid	Journal of the Chinese Chemical Society	10.1002/jccs.202300196	openalex
2023	materials_energy	Corrosion Inhibition Efficiency of Ghars Date Extract on API 5L X70 Pipeline Steel in Hydrochloric Acid	Protection of Metals and Physical Chemistry of Surfaces	10.1134/s2070205123701162	openalex
2019	materials_energy	KINETIC STUDY OF FERMENTATION OF FERMENTABLE SUGARS PRESENT IN DATES VARIETY GHARS OF EL OUED REGION	DOAJ (DOAJ: Directory of Open Access Journals)	10.4314/jfas.v11i1.28	openalex
2018	materials_energy	Adsorption of phenol from aqueous solutions onto an adsorbent prepa- red from dry palms of Phoenix dactylifera.L (Ghars variety) cultivate in the south east of Algeria			openalex
2017	materials_energy	Kinetic pyrolysis study and classification of date palm biomass	Journal of Renewable and Sustainable Energy	10.1063/1.4974342	openalex
2016	materials_energy	Synthèse et caractérisation des tensioactifs nonioniques de type alkylpolyglucoside (APG) à partir du glucose extrait des dattes, et du glucose synthétique	Dépôt Institutionnel de l'Université M'Hamed Bougara de Boumerdes (M'Hamed University Bougara de Boumerdes)		openalex
2016	materials_energy	ADSORPTION OF SILVER (I) FROM AQUEOUS SOLUTIONS ONTO ACTIVATED CARBON PREPARED FROM ALGERIAN DATES STONES OF PHOENIX DACTYLIFERA.L (GHARS VARIETY) BY H3PO4 ACTIVATION.	International Journal of Advanced Research	10.21474/ijar01/1459	openalex
2016	materials_energy	Isolation and preliminary characterisation of bacteriocin produced by Enterococcus faecium GHB21 isolated from Algerian paste of dates “ghars”			europepmc
2015	materials_energy	Isolation and preliminary characterisation of bacteriocin produced by Enterococcus faecium GHB21 isolated from Algerian paste of dates “ghars”	Annals of Microbiology	10.1007/s13213-015-1165-3	openalex
2014	materials_energy	Chemical Characterization of Phoenicicole Biomass Fuel in Algerian Oasis: Deglet Nour and Ghars Cultivars Case	Energy & Fuels	10.1021/ef501522n	openalex
2014	materials_energy	Adsorption of Lead (II) from aqueous solutions onto activated carbon prepared from Algerian dates stones of Phoenix dactylifera.L (Ghars variety) by H3PO4 activation	Oriental Journal Of Chemistry	10.13005/ojc/300349	openalex
2021	microbial_biotech	Optimization of citric acid production by Aspergillus niger using two downgraded Algerian date varieties	Saudi Journal of Biological Sciences	10.1016/j.sjbs.2021.08.013	openalex
2021	microbial_biotech	Contribution to the study of therapeutic virtues of the local date extracts from the oasis of Ouargla (Northern East Algerian Sahara)	International Journal of Biosciences (IJB)	10.12692/ijb/18.5.124-133	openalex
2016	microbial_biotech	Characterization and purification of bacteriocin produced by Enterococcus sp. GHB26 isolated from Algerian paste of dates Ghars	African Journal of Microbiology Research	10.5897/ajmr2016.8083	openalex
2001	microbial_biotech	Contribution à l'Etude de la Production d'Acide Citrique par Aspergillus niger Cultivée sur Moût de Dattes de la Variété Ghars			openalex
2026	pests	Impact of Parlatoria blanchardi Infestation on Fruit Quality of Algerian Date Palm	Indian Journal of Entomology	10.55446/ije.2026.3729	openalex
2023	pests	Influence of the Nutritional Quality of Three Date Varieties on the Biological Parameters of the Date Moth, Ectomyelois ceratoniae Zeller	Pakistan Journal of Zoology	10.17582/journal.pjz/20230103190145	openalex
2022	pests	Disclosing the determinants, drivers and predictors of bird depredation on date palm (Phoenix dactylifera L.) production	Journal of the Saudi Society of Agricultural Sciences	10.1016/j.jssas.2022.12.003	openalex
2022	pests	Diversity of the fungal flora associated with the white cochineal Parlatoria blanchardi Targ. (Himiptera-Diaspididae) in the palm groves of the Ouargla region, and determination of the pathogenicity of some fungal species	International Journal of Biosciences (IJB)	10.12692/ijb/20.3.144-153	openalex
2022	pests	Influence of Abamectin Treatment Against Parlatoria Blanchardii, on Entomological Diversity in the Palm Groves of Ouargla (Algerian Sahara)	Al-Qadisiyah Journal For Agriculture Sciences	10.33794/qjas.2022.134592.1058	openalex
2021	pests	Effect of leaflets palm date biochemical composition on infestation rate by the white cochineal Parlatoria blanchardi (Himiptera-Diaspididae)	International Journal of Biosciences (IJB)	10.12692/ijb/19.2.129-138	openalex
2021	pests	EFFECT OF BIOCHEMICAL METABOLITES OF DATES ON NUTRITIONAL PERFORMANCES OF CAROB MOTH, (ECTOMYELOIS CERATONIAE ZELLER (LEPIDOPTERA: PYRALIDAE))		10.21506/j.ponte.2021.2.2	openalex
2018	pests	Variability Influence of the Volatile Compounds of Three Algerian Date Cultivars (Phoenix dactylifera L.) on Infestation Rates of the Date Moth [(Ectomyelois ceratoniae Zell. (Lepidoptera: Pyralidae)]	Cercetari Agronomice in Moldova	10.2478/cerce-2018-0029	openalex
2018	pests	EFFECT OF PALM GROVES DENSITY AND DATE VARIETY ON ECTOMYELOIS CERATONIAE ZELLER 1839 (LEPIDOPTERA: PYRALIDAE) INFESTATION	PONTE International Scientific Researchs Journal	10.21506/j.ponte.2018.7.14	openalex
2018	pests	Analysis of the volatiles compounds of three date palm, ( Phoenix dactylifera L.) fruits varieties via SPME-GCMS at two maturation stages and their effect on Ectomyelois ceratoniae (Lepidoptera: Pyralidae) oviposition behavior	Journal of Entomological Research	10.5958/0974-4576.2018.00025.7	openalex
2017	pests	Étude bioécologique et répartition spatio-temporelle de la pyrale des dattes Ectomyelois ceratoniae Zeller., 1839 (Lepidoptera, Pyralidae) dans des oasis de la wilaya de Biskra. Étude du comportement alimentaire et essai de lutte.	University of Biskra Theses Repository (University of Biskra)		openalex
2016	pests	Study of the level of infestation by the white cochineal Parlatoria blanchardi Targ.1868 (Homoptera, Diaspididae) on the principal varieties of date palm in the valley of Oued Righ (South East of Algeria)	Journal of Entomology and Zoology Studies		openalex
2015	pests	Inventaire de la Faune Arthropodologique Associee à la Cochenille Blanche Parlatoria Blanchardi Targioni-Tozzeti sur Deux Varietes de Dattes (Deglet-Nour et Ghars) à Ouargla = Inventory of Arthropodologic Fauna Associated with White Cochineal, Parlatoria Blanchardi Targioni-Tozzeti on Two Varieties of the Palm Date in Ouargla	Revue des Bioressources	10.12816/0045874	openalex
2012	pests	Influence de la qualité nutritive de trois variétés de dattes sur le potentiel biologique de la Pyrale des dattes Ectomyelois ceratoniae (Zeller, 1839)	University of Biskra Theses Repository (University of Biskra)		openalex
2009	pests	Taux d'infestation et morphologie de la pyrale des dattes Ectomyelois ceratoniae (Zeller) sur différentes variétés du palmier dattier Phoenix dactylifera (L.)	Cahiers Agricultures	10.1684/agr.2009.0270	openalex
