bin_start	SRR2511369	SRR6439416	SRR121605	SRR2577995	SRR2559387	SRR2577516
2300000	1.116	0.851	0.541	1.542	1.598	1.369
2301000	1.870	1.157	1.253	1.152	1.022	2.112
2302000	1.237	1.804	1.870	1.275	1.310	0.732
2303000	1.667	2.013	2.265	1.883	1.207	0.819
2304000	1.488	1.288	2.491	0.968	1.761	1.610
2305000	1.782	0.995	1.379	1.763	1.786	1.293
2306000	1.777	1.178	1.703	1.322	1.407	2.105
2307000	1.957	1.385	2.119	1.634	1.518	0.478
2308000	1.788	2.199	2.172	2.069	1.096	1.697
2309000	1.418	2.464	2.148	1.648	1.129	1.520
2310000	0.832	1.042	0.990	0.831	0.788	2.544
2311000	0.345	0.133	0.000	0.000	0.016	2.468
2312000	0.070	0.108	0.000	0.128	0.000	0.973
2313000	0.011	0.088	0.000	0.024	0.089	0.404
2314000	0.103	0.304	0.000	0.001	0.065	0.251
2315000	0.098	0.191	0.000	0.058	0.080	0.765
2316000	0.052	0.019	0.000	0.052	0.000	0.087
2317000	0.022	0.180	0.000	0.026	0.018	0.335
2318000	0.049	0.067	0.000	0.000	0.000	0.185
2319000	0.000	0.154	0.000	0.018	0.000	0.000
2320000	0.190	0.474	0.122	0.053	0.230	0.454
2321000	0.047	0.057	0.047	0.150	0.028	0.000
2322000	0.384	0.023	0.036	0.000	0.059	0.105
2323000	0.039	0.008	0.000	0.000	0.043	0.000
2324000	0.084	0.036	0.000	0.048	0.092	0.000
2325000	0.029	0.054	0.000	0.000	0.018	0.000
2326000	0.000	0.026	0.000	0.000	0.000	0.000
2327000	0.000	0.025	0.000	0.000	0.000	0.000
2328000	0.057	0.095	0.093	0.133	0.075	0.064
2329000	0.000	0.000	0.000	0.000	0.000	0.082
2330000	0.000	0.000	0.000	0.000	0.000	0.000
2331000	0.000	0.061	0.000	0.000	0.000	0.094
2332000	0.027	0.066	0.000	0.020	0.025	0.127
2333000	0.097	0.054	0.615	0.060	0.231	0.280
2334000	0.324	0.115	0.042	0.094	0.272	0.281
2335000	0.000	0.068	0.000	0.000	0.008	0.000
2336000	0.029	0.107	0.000	0.000	0.179	0.000
2337000	0.057	0.049	0.090	0.029	0.027	0.000
2338000	0.000	0.000	0.000	0.019	0.000	0.000
2339000	0.000	0.075	0.000	0.030	0.022	0.000
2340000	0.334	0.514	0.174	0.510	0.662	3.286
2341000	0.153	0.051	0.045	0.114	0.244	3.121
2342000	0.334	0.441	0.000	0.511	0.206	3.571
2343000	1.828	3.739	0.000	1.302	0.442	12.756
2344000	0.535	0.534	0.045	0.455	0.721	9.614
2345000	1.007	0.332	0.107	0.037	1.129	5.822
2346000	0.853	0.199	0.017	0.012	0.011	0.798
2347000	0.601	0.000	0.000	0.017	0.020	0.000
2348000	0.242	0.132	0.000	0.000	0.000	0.348
2349000	0.544	0.010	0.234	0.000	0.268	0.262
2350000	0.171	0.120	0.089	0.048	0.033	0.333
2351000	0.116	0.171	0.000	0.074	0.047	0.529
2352000	0.000	0.131	0.000	0.018	0.000	0.193
2353000	0.030	0.184	0.000	0.019	0.000	0.269
2354000	0.000	0.110	0.000	0.072	0.044	0.329
2355000	0.080	0.224	0.000	0.000	0.070	0.000
2356000	0.313	0.418	0.244	0.300	0.154	0.356
2357000	0.200	0.273	0.264	0.168	0.299	1.040
2358000	0.237	0.250	0.097	0.185	0.417	1.903
2359000	0.392	0.652	0.326	0.603	0.618	3.416
2360000	0.205	0.090	0.156	0.456	0.501	0.143
2361000	0.081	0.114	0.024	0.000	0.082	0.078
2362000	0.122	0.040	0.000	0.023	0.019	0.000
2363000	0.274	0.000	0.132	0.371	0.609	0.151
2364000	0.000	0.000	0.000	0.000	0.054	0.040
2365000	0.022	0.017	0.000	0.000	0.054	0.096
2366000	0.000	0.042	0.000	0.000	0.000	0.136
2367000	0.000	0.000	0.000	0.000	0.013	0.000
2368000	0.023	0.000	0.000	0.000	0.000	0.000
2369000	0.000	0.000	0.000	0.000	0.000	0.000
2370000	0.000	0.000	0.000	0.000	0.000	0.000
2371000	0.000	0.000	0.000	0.000	0.000	0.000
2372000	0.000	0.020	0.000	0.000	0.000	0.109
2373000	0.017	0.000	0.000	0.037	0.000	0.000
2374000	0.281	0.000	0.000	0.174	0.048	0.070
2375000	0.247	0.023	0.309	0.051	0.055	0.000
2376000	0.000	0.028	0.000	0.000	0.000	0.000
2377000	0.060	0.018	0.000	0.000	0.000	0.000
2378000	0.032	0.054	0.000	0.000	0.000	0.000
2379000	0.000	0.000	0.000	0.000	0.000	0.000
2380000	0.014	0.062	0.000	0.000	0.000	0.000
2381000	0.296	0.254	0.080	0.260	0.379	1.272
2382000	0.512	0.658	0.235	0.481	0.539	5.167
2383000	0.351	0.163	0.082	0.446	0.251	0.402
2384000	0.309	0.219	0.044	0.365	0.312	1.758
2385000	0.124	0.062	0.000	0.041	0.001	3.626
2386000	0.178	0.072	0.179	0.091	0.025	4.584
2387000	1.024	0.152	0.437	0.831	1.082	2.463
2388000	0.974	0.614	0.445	0.411	1.011	0.230
2389000	0.623	1.357	1.313	0.258	1.071	0.480
2390000	1.062	0.959	1.220	1.100	1.066	0.958
2391000	0.455	0.536	0.437	0.555	0.825	0.598
2392000	1.362	1.140	1.971	1.141	1.675	0.750
2393000	1.203	0.639	0.931	0.859	1.282	0.625
2394000	1.628	0.833	2.053	1.831	1.835	1.831
2395000	0.595	0.983	2.352	1.677	1.706	1.129
2396000	0.906	1.629	2.146	1.683	1.317	1.396
2397000	1.414	0.706	1.818	1.101	1.788	1.436
2398000	1.090	0.794	0.745	0.498	0.782	3.058
2399000	0.508	0.526	0.200	0.527	0.777	0.981
2400000	1.139	0.737	0.508	0.890	0.538	1.816
2401000	1.452	1.258	0.755	1.339	1.419	0.825
2402000	1.156	1.061	1.319	1.006	1.909	4.299
2403000	0.847	1.018	1.289	1.088	0.709	7.723
2404000	1.246	1.604	2.112	1.471	1.241	2.351
2405000	1.110	1.063	1.387	1.276	0.841	1.490
2406000	1.356	1.267	0.812	0.588	0.587	0.635
2407000	0.667	0.311	0.126	0.508	0.830	1.854
2408000	0.309	0.000	0.000	0.089	0.262	0.161
2409000	0.373	0.000	0.000	0.142	0.261	0.060
2410000	0.290	0.230	0.000	0.029	0.310	0.000
2411000	0.297	0.037	0.000	0.027	0.105	0.000
2412000	0.155	0.053	0.000	0.000	0.000	0.221
2413000	0.921	0.546	0.630	0.543	1.021	1.679
2414000	1.164	1.085	1.704	1.414	1.593	1.728
2415000	1.095	1.178	1.195	1.464	1.933	0.858
2416000	1.471	2.866	1.839	1.193	1.379	0.290
2417000	1.734	0.936	2.580	1.225	1.265	1.372
2418000	1.548	1.593	1.207	1.313	1.165	1.202
2419000	1.338	1.357	0.924	1.652	1.628	0.277
2420000	1.333	0.975	0.452	1.429	1.213	0.685
2421000	1.299	0.979	0.394	1.114	1.317	1.167
2422000	1.620	0.677	0.602	1.109	1.278	0.499
2423000	0.912	1.051	0.689	1.380	1.299	0.865
2424000	1.044	0.639	0.768	1.187	1.253	0.481
2425000	1.436	2.063	1.265	1.187	1.672	2.061
2426000	1.436	0.981	1.620	0.754	1.235	1.546
2427000	1.068	1.699	2.066	1.128	1.274	1.555
2428000	1.568	1.343	1.992	1.380	1.445	1.081
2429000	1.025	1.615	1.398	1.794	1.588	1.348
2430000	0.748	1.266	0.774	1.450	1.674	0.815
2431000	1.382	0.876	1.548	1.141	1.283	0.474
2432000	1.424	2.208	2.747	1.733	1.687	0.640
2433000	1.847	1.642	1.398	1.970	1.266	0.665
2434000	1.393	1.336	0.754	1.560	1.081	1.194
2435000	0.763	1.454	0.491	0.804	0.582	0.883
2436000	1.179	1.907	1.314	0.361	1.214	1.166
2437000	0.845	0.929	1.394	0.221	0.886	0.800
2438000	1.472	1.218	1.526	0.755	1.214	0.966
2439000	1.259	0.923	1.206	1.155	1.734	0.392
2440000	1.146	1.980	2.368	1.545	1.362	0.514
2441000	1.326	1.463	1.891	1.282	1.321	0.710
2442000	1.156	1.674	2.392	1.559	1.184	1.043
2443000	1.231	1.956	1.909	1.280	1.314	0.840
2444000	1.245	1.492	1.673	0.636	1.053	0.706
2445000	1.247	1.889	0.971	1.479	1.084	1.257
2446000	1.356	1.134	2.196	0.916	1.242	0.834
2447000	1.634	0.973	2.215	1.562	1.751	1.043
2448000	0.979	0.948	1.834	0.778	1.174	1.040
2449000	1.308	0.567	0.119	0.628	1.312	0.451
2450000	1.114	2.364	1.233	0.549	0.815	1.027
2451000	1.128	1.223	1.999	1.090	1.411	0.913
2452000	1.823	1.095	1.728	1.130	1.336	1.768
2453000	1.625	1.456	1.133	1.378	1.591	1.445
2454000	1.814	2.641	2.429	1.387	1.058	1.581
2455000	2.298	1.443	1.968	1.576	1.142	1.084
2456000	1.443	1.225	0.438	1.160	1.556	1.290
2457000	0.966	1.203	2.105	1.419	1.933	1.297
2458000	1.293	1.357	1.852	1.612	1.535	1.952
2459000	1.555	1.225	0.495	0.847	1.328	1.021
2460000	1.459	1.049	0.961	1.375	1.436	0.904
2461000	0.935	1.116	1.655	1.545	1.173	0.390
2462000	0.821	0.818	1.675	2.113	1.125	1.704
2463000	0.358	0.258	0.488	0.465	0.375	0.161
2464000	0.012	0.066	0.000	0.000	0.000	0.484
2465000	0.090	0.027	0.000	0.105	0.106	0.000
2466000	0.050	0.000	0.000	0.087	0.116	0.000
2467000	0.428	0.064	0.000	0.705	1.084	0.000
2468000	1.242	0.000	0.000	1.224	1.018	0.167
2469000	1.208	0.000	0.000	1.599	1.312	1.761
2470000	1.293	0.000	0.000	1.845	1.103	1.713
2471000	1.320	0.000	0.000	1.091	1.239	1.629
2472000	1.138	0.000	0.000	1.084	1.721	1.985
2473000	1.334	0.000	0.000	1.143	1.297	1.233
2474000	1.565	0.000	0.000	1.839	1.462	1.870
2475000	1.243	0.000	0.000	1.177	1.022	0.743
2476000	0.990	0.000	0.000	0.585	0.549	0.795
2477000	1.245	0.093	0.082	0.657	1.251	1.302
2478000	0.801	0.060	0.000	0.048	0.444	0.383
2479000	0.892	0.000	0.049	0.627	0.499	0.634
2480000	1.430	0.000	0.000	1.040	1.186	2.185
2481000	0.859	0.000	0.059	1.325	0.998	3.565
2482000	0.883	0.000	0.000	0.762	0.551	1.634
2483000	0.675	0.000	0.000	1.112	0.884	0.368
2484000	1.282	0.000	0.000	1.573	1.361	0.634
2485000	0.607	0.000	0.000	0.761	0.509	0.677
2486000	0.374	0.000	0.000	0.751	0.582	0.326
2487000	0.468	0.000	0.000	0.244	0.408	0.338
2488000	0.985	0.000	0.041	0.855	0.811	0.700
2489000	1.221	0.053	0.000	0.617	0.969	2.108
2490000	1.391	0.000	0.000	0.807	1.239	1.707
2491000	1.040	0.000	0.083	1.014	0.951	0.649
2492000	1.010	0.000	0.000	0.613	1.220	0.293
2493000	1.011	0.000	0.000	1.016	0.999	2.317
2494000	1.033	0.021	0.179	1.066	0.650	1.224
2495000	0.579	0.005	0.000	0.553	0.813	0.970
2496000	1.102	0.000	0.000	0.897	1.049	3.317
2497000	1.396	0.000	0.000	0.458	0.515	0.794
2498000	1.122	0.085	0.000	0.299	0.723	3.422
2499000	0.456	0.000	0.000	0.614	0.524	0.664
2500000	0.600	0.021	0.000	1.002	0.614	1.181
2501000	0.543	0.000	0.000	1.036	0.656	0.266
2502000	0.697	0.035	0.025	0.905	0.653	0.413
2503000	0.983	0.000	0.000	1.228	0.899	0.643
2504000	0.868	0.000	0.000	0.308	0.927	1.073
2505000	1.028	0.000	0.000	0.991	1.466	2.707
2506000	0.177	0.000	0.000	0.201	0.173	0.082
2507000	0.033	0.000	0.000	0.000	0.000	0.487
2508000	0.075	0.023	0.000	0.012	0.015	0.152
2509000	0.000	0.000	0.000	0.025	0.047	0.000
2510000	0.777	0.699	0.466	0.727	0.608	0.738
2511000	1.108	1.373	0.931	1.038	0.737	0.293
2512000	1.245	1.010	0.944	0.747	1.341	1.311
2513000	0.699	0.378	0.186	0.836	0.452	9.698
2514000	1.399	0.912	1.350	1.067	0.494	5.688
2515000	0.914	0.563	0.863	1.044	0.710	0.644
2516000	0.874	1.169	0.540	1.250	1.357	0.840
2517000	1.262	1.719	2.141	1.452	1.066	1.812
2518000	1.373	1.182	0.979	0.962	1.007	0.882
2519000	1.507	0.727	1.227	1.135	1.010	0.791
2520000	1.027	1.092	0.360	0.877	1.108	1.425
2521000	1.585	1.912	2.420	1.703	1.285	1.052
2522000	0.822	1.082	1.655	1.125	1.075	0.368
2523000	0.802	1.276	0.782	1.535	1.188	0.789
2524000	1.257	1.583	1.413	1.310	1.569	1.205
2525000	2.196	0.722	1.934	1.938	1.392	1.206
2526000	1.447	1.405	1.672	1.498	1.229	1.100
2527000	1.262	2.481	1.142	0.957	1.345	1.329
2528000	1.214	1.419	1.270	0.799	1.843	0.656
2529000	0.824	1.030	0.579	0.394	1.137	2.350
2530000	0.944	1.295	0.841	0.556	2.193	3.429
2531000	1.072	0.794	1.555	1.071	2.196	3.223
2532000	1.667	1.370	0.977	1.105	1.780	1.595
2533000	0.550	0.621	0.309	0.284	1.736	0.200
2534000	1.314	2.312	2.107	0.859	2.299	1.151
2535000	1.471	1.341	1.060	0.854	2.593	1.018
2536000	0.621	0.616	0.371	0.396	0.678	0.599
2537000	0.874	0.840	0.293	0.565	0.510	1.250
2538000	1.319	1.882	2.152	1.750	1.379	0.268
2539000	1.253	1.344	1.907	1.357	1.124	1.141
2540000	0.751	0.413	0.121	0.321	0.194	0.677
2541000	0.115	0.014	0.000	0.091	0.022	1.371
2542000	0.000	0.000	0.000	0.025	0.053	0.187
2543000	0.147	0.055	0.000	0.062	0.000	0.383
2544000	0.095	0.242	0.000	0.025	0.097	0.244
2545000	0.063	0.192	0.025	0.077	0.038	0.387
2546000	0.000	0.009	0.000	0.044	0.039	0.383
2547000	0.071	0.163	0.000	0.050	0.101	0.348
2548000	0.382	0.451	0.148	0.105	0.188	2.408
2549000	1.081	1.282	1.392	0.841	1.725	1.088
2550000	0.814	1.168	1.393	1.059	1.241	0.794
2551000	0.570	0.392	0.274	0.186	0.272	0.683
2552000	0.626	0.620	1.105	0.981	1.176	1.809
2553000	0.723	1.895	2.544	0.947	1.071	1.202
2554000	1.618	1.001	1.644	0.962	1.817	0.907
2555000	1.585	0.589	1.960	0.646	1.119	3.377
2556000	1.241	1.587	1.572	0.625	0.690	0.430
2557000	0.877	1.356	0.763	0.233	0.925	0.395
2558000	0.778	1.490	0.853	0.000	1.131	3.522
2559000	0.913	1.649	2.416	1.088	1.162	5.152
2560000	1.005	0.539	0.975	1.249	1.050	1.118
2561000	1.206	1.036	1.818	1.317	1.087	1.550
2562000	1.374	1.198	1.401	0.985	1.465	1.475
2563000	1.067	1.607	0.583	1.528	1.305	1.703
2564000	1.942	0.969	2.268	1.280	0.927	1.830
2565000	1.883	1.752	1.878	0.967	1.780	1.668
2566000	1.594	1.424	2.532	0.947	1.371	2.007
2567000	2.234	2.384	1.523	1.737	1.763	0.803
2568000	1.886	1.549	2.996	1.883	1.481	1.810
2569000	0.842	2.091	2.115	1.892	1.380	1.001
2570000	0.959	1.224	1.677	1.276	1.327	1.617
2571000	1.054	1.018	1.099	1.435	1.011	1.885
2572000	1.171	0.507	1.502	1.572	1.360	0.777
2573000	1.486	1.882	1.536	0.744	0.810	1.291
2574000	0.809	1.182	1.099	0.809	0.939	0.960
2575000	1.131	1.006	0.636	1.004	1.276	0.827
2576000	0.585	1.084	0.402	0.529	0.691	1.004
2577000	0.830	0.874	1.415	1.309	1.149	1.982
2578000	1.903	1.265	0.981	0.969	1.763	1.746
2579000	1.453	1.231	1.400	0.849	1.311	1.060
2580000	1.375	1.626	1.703	0.994	1.080	3.242
2581000	1.263	0.832	2.325	1.050	1.508	0.845
2582000	1.279	1.306	1.782	1.105	1.304	1.359
2583000	0.692	1.471	1.364	0.623	0.515	0.915
2584000	1.235	1.712	1.569	1.416	1.441	0.868
2585000	1.330	1.618	1.494	1.267	1.206	0.752
2586000	1.135	1.605	1.813	0.839	1.474	1.034
2587000	0.923	1.289	1.560	1.534	1.315	0.716
2588000	1.039	1.275	0.701	1.396	1.692	1.167
2589000	1.133	1.474	1.911	1.499	1.571	1.232
2590000	0.916	1.376	1.504	1.370	1.163	0.541
2591000	1.176	1.316	2.706	0.969	1.093	0.762
2592000	1.513	2.721	3.022	1.634	1.370	1.043
2593000	1.468	1.183	2.960	1.595	1.244	2.223
2594000	0.724	1.012	0.655	1.006	0.963	1.649
2595000	0.928	1.184	0.915	1.059	1.017	2.039
2596000	1.478	1.490	2.604	1.364	1.285	1.353
2597000	1.747	1.490	1.383	1.550	1.309	2.384
2598000	1.922	1.497	1.417	1.936	1.604	1.520
2599000	1.440	1.988	2.214	0.947	1.410	1.321
2600000	0.896	1.643	1.631	1.408	0.922	2.188
2601000	1.170	1.967	2.251	1.717	1.411	0.865
2602000	1.712	2.000	1.959	1.676	1.335	0.266
2603000	1.185	0.590	1.823	0.861	1.008	1.819
2604000	1.857	1.324	0.406	1.037	1.804	0.749
2605000	1.094	1.436	1.102	1.203	1.461	2.528
2606000	1.221	1.416	1.116	1.269	1.117	1.196
2607000	1.211	1.300	2.448	1.301	1.186	1.572
2608000	1.790	1.475	2.556	1.414	1.538	0.596
2609000	1.885	2.121	1.580	1.776	2.104	1.870
2610000	1.299	2.110	0.888	1.339	1.202	0.943
2611000	1.197	1.536	1.921	1.442	1.259	1.605
2612000	1.594	1.795	1.549	1.150	1.236	2.142
2613000	1.537	1.398	1.880	1.265	1.368	0.770
2614000	1.334	1.121	1.348	1.942	1.103	1.372
2615000	1.120	1.411	1.111	1.168	1.427	0.625
2616000	0.904	1.958	1.476	1.091	0.995	1.184
2617000	1.237	1.028	1.401	1.340	0.860	4.363
2618000	1.006	1.459	0.774	0.579	1.193	0.499
2619000	0.810	1.695	1.870	0.165	0.568	2.121
2620000	0.125	1.394	1.521	0.374	0.136	0.656
2621000	0.479	1.693	1.269	0.489	0.587	2.356
2622000	1.401	2.646	2.023	0.773	0.959	1.451
2623000	0.711	1.103	1.515	0.834	1.303	1.297
2624000	1.232	0.948	0.899	0.946	1.192	0.698
2625000	1.563	1.993	1.949	0.923	1.264	1.115
2626000	1.413	1.541	0.798	0.898	1.272	1.102
2627000	0.859	1.055	1.061	0.990	1.005	1.082
2628000	0.664	0.804	1.442	0.317	1.340	1.075
2629000	0.485	0.797	0.958	0.658	0.623	0.767
2630000	1.145	1.423	2.019	1.221	1.167	1.350
2631000	1.027	1.507	2.044	1.022	0.994	0.707
2632000	1.249	1.043	1.256	0.887	1.185	1.084
2633000	1.384	1.303	0.820	0.727	0.805	2.644
2634000	1.402	1.977	0.338	0.989	0.967	0.344
2635000	1.358	1.445	1.186	0.904	1.048	2.039
2636000	1.145	1.261	1.842	1.328	1.090	3.667
2637000	1.583	1.446	2.449	1.051	1.425	1.626
2638000	1.267	1.723	1.800	0.758	1.039	1.100
2639000	1.131	2.491	1.048	0.761	1.635	1.093
2640000	0.821	1.479	2.079	1.024	0.781	1.988
2641000	1.333	0.885	1.455	0.893	0.938	2.535
2642000	0.066	0.201	0.142	0.059	0.041	0.558
2643000	0.978	1.402	1.029	0.549	1.545	1.577
2644000	0.976	1.593	1.398	1.267	1.089	2.049
2645000	1.078	1.751	1.679	1.102	1.228	0.692
2646000	1.427	1.230	0.678	1.086	1.326	1.271
2647000	1.103	1.461	1.969	1.207	1.827	1.175
2648000	1.640	0.705	1.600	0.932	1.278	1.356
2649000	1.136	0.752	0.754	0.767	1.359	1.323
2650000	0.944	0.723	1.199	1.180	1.129	4.012
2651000	0.792	1.435	1.510	1.219	1.083	1.030
2652000	0.577	1.366	0.961	0.329	0.645	1.396
2653000	1.084	0.900	2.136	1.313	1.193	0.882
2654000	1.860	1.601	1.958	1.158	1.775	2.139
2655000	1.421	1.849	1.590	1.026	1.220	1.513
2656000	1.798	1.341	1.553	1.887	1.002	1.570
2657000	1.497	1.176	1.698	0.834	1.766	0.936
2658000	0.902	0.404	0.133	0.453	0.246	0.686
2659000	0.861	0.325	0.145	0.403	0.306	0.815
2660000	0.302	0.492	0.382	0.124	0.269	0.058
2661000	0.127	0.062	0.000	0.038	0.020	0.593
2662000	0.120	0.211	0.036	0.000	0.000	0.511
2663000	0.210	0.075	0.026	0.027	0.027	0.262
2664000	0.236	0.129	0.143	0.055	0.045	0.466
2665000	0.357	0.081	0.046	0.051	0.000	0.000
2666000	0.295	0.166	0.056	0.183	0.022	0.673
2667000	0.273	0.420	0.025	0.121	0.182	0.084
2668000	0.104	0.175	0.028	0.148	0.152	0.398
2669000	0.423	1.016	0.160	0.501	0.521	1.042
2670000	0.667	0.000	0.000	0.000	0.000	1.130
2671000	0.885	0.079	0.034	0.167	0.132	1.622
2672000	0.656	0.123	0.237	0.289	0.056	1.513
2673000	0.747	0.274	0.063	0.108	0.040	1.088
2674000	0.411	0.063	0.000	0.129	0.011	0.865
2675000	0.737	0.031	0.054	0.272	0.075	0.830
2676000	0.735	0.032	0.000	0.000	0.000	0.885
2677000	1.491	0.000	0.000	0.000	0.000	0.901
2678000	0.754	0.000	0.000	0.000	0.000	0.800
2679000	0.737	0.151	0.052	0.025	0.005	0.540
2680000	0.841	1.068	0.589	0.293	0.415	1.123
2681000	0.728	0.289	0.240	0.334	0.339	1.205
2682000	0.577	0.946	0.375	0.562	0.590	0.555
2683000	0.482	0.015	0.033	0.127	0.063	1.486
2684000	0.779	0.098	0.127	0.021	0.000	0.822
2685000	0.827	0.173	0.463	0.188	0.117	1.904
2686000	0.411	0.092	0.000	0.099	0.033	1.184
2687000	0.710	0.165	0.028	0.113	0.118	0.426
2688000	0.974	1.310	1.394	1.464	0.896	0.543
2689000	0.964	0.111	0.137	0.198	0.118	0.502
2690000	0.538	0.515	0.107	0.363	0.013	0.272
2691000	1.070	0.342	0.306	0.268	0.084	1.387
2692000	0.684	0.362	0.095	0.301	0.017	0.584
2693000	0.928	0.674	0.518	0.613	0.219	0.613
2694000	0.716	0.993	0.838	0.568	0.691	1.048
2695000	0.870	0.882	1.131	0.755	1.126	1.390
2696000	1.308	1.568	0.861	1.076	1.284	0.628
2697000	1.428	0.745	1.551	1.799	1.417	0.572
2698000	0.850	1.088	0.588	1.014	0.403	0.351
2699000	0.559	0.401	0.306	0.480	0.410	0.955
2700000	1.490	1.497	1.169	1.077	1.430	1.930
2701000	1.539	1.688	1.815	1.860	1.748	1.758
2702000	1.296	1.344	0.831	1.107	1.684	0.924
2703000	1.367	1.680	1.588	1.331	1.134	0.873
2704000	1.393	1.331	1.573	1.430	1.535	1.460
2705000	1.367	1.396	1.520	1.002	1.256	1.345
2706000	1.349	1.101	0.388	1.123	0.835	0.706
2707000	1.453	1.545	2.138	1.363	1.254	2.039
2708000	1.190	1.619	1.056	1.164	1.655	0.652
2709000	1.163	1.364	1.750	1.430	1.544	0.839
2710000	1.466	1.785	1.925	1.170	1.359	0.960
2711000	1.358	2.283	1.928	1.816	1.194	1.445
2712000	1.141	1.675	2.055	1.570	1.281	1.758
2713000	1.405	1.133	1.097	1.125	1.500	0.706
2714000	1.711	1.466	1.569	1.682	1.424	0.999
2715000	1.310	1.514	2.340	1.936	1.533	1.410
2716000	1.744	1.728	2.865	1.631	1.109	0.964
2717000	2.394	1.776	2.309	1.361	1.213	0.994
2718000	1.196	1.623	1.314	1.242	1.239	1.411
2719000	0.714	0.925	1.209	0.991	1.183	1.644
2720000	1.220	1.241	0.899	1.366	1.468	2.972
2721000	0.977	0.793	0.959	0.555	0.935	1.242
2722000	1.355	1.277	1.687	1.112	1.171	1.484
2723000	1.633	2.269	1.648	1.378	1.350	1.372
2724000	1.448	1.147	1.806	1.683	1.292	1.215
2725000	1.279	1.134	1.418	0.978	1.195	1.302
2726000	1.098	1.528	1.382	0.948	1.326	1.354
2727000	1.009	0.888	0.191	0.429	0.989	0.740
2728000	1.248	1.064	0.710	1.057	1.493	0.886
2729000	2.045	0.910	0.281	1.364	1.968	2.290
2730000	1.753	1.639	0.829	0.761	1.219	2.537
2731000	1.774	0.749	1.682	1.866	0.938	1.604
2732000	1.020	0.920	0.801	1.799	1.461	0.945
2733000	2.195	2.023	1.313	1.433	1.258	1.894
2734000	1.945	1.851	1.575	1.388	1.409	2.042
2735000	1.030	1.543	2.063	1.565	1.263	2.315
2736000	1.186	1.663	1.793	1.492	1.604	1.169
2737000	1.351	1.501	1.567	0.906	1.011	0.559
2738000	1.246	1.124	1.784	1.297	1.189	0.709
2739000	2.248	1.080	0.843	0.888	0.960	2.078
2740000	1.510	0.650	0.892	1.511	1.408	1.806
2741000	1.585	0.090	0.071	1.054	1.437	1.302
2742000	1.514	0.725	0.151	0.902	0.926	1.698
2743000	1.097	1.405	0.815	1.257	1.462	1.268
2744000	1.084	1.164	0.653	1.128	1.920	0.861
2745000	1.400	1.562	2.616	0.834	1.470	0.474
2746000	1.851	1.157	1.431	1.290	1.303	1.327
2747000	1.477	2.097	1.389	1.330	1.288	1.126
2748000	1.784	0.766	1.298	1.071	1.700	1.073
2749000	1.379	1.510	1.763	0.896	1.353	1.009
2750000	1.801	1.344	2.223	1.323	1.468	1.595
2751000	1.320	1.889	1.401	1.163	1.184	1.882
2752000	1.611	0.417	1.480	1.673	1.516	0.915
2753000	1.427	1.492	2.547	1.512	0.943	1.288
2754000	1.738	1.681	2.127	1.498	1.074	0.771
2755000	1.074	1.592	0.731	1.130	1.405	0.871
2756000	1.733	1.553	2.190	1.411	1.547	1.043
2757000	1.042	0.719	1.377	1.207	1.651	0.477
2758000	1.864	2.000	1.916	1.008	1.004	1.499
2759000	1.006	1.578	1.745	1.357	1.418	0.877
2760000	1.642	1.921	0.940	1.260	0.739	1.000
2761000	1.739	2.994	2.883	0.950	1.509	1.251
2762000	1.282	1.688	1.938	1.523	1.030	1.082
2763000	0.985	1.267	1.347	1.115	1.330	1.345
2764000	1.172	1.322	2.160	1.344	1.268	1.130
2765000	1.263	1.379	2.157	0.655	1.127	2.417
2766000	1.965	2.042	2.842	1.671	1.604	2.102
2767000	1.074	1.138	0.812	0.639	0.886	0.862
2768000	1.557	1.801	2.261	1.498	1.478	1.306
2769000	1.660	1.795	1.532	0.857	1.132	1.045
2770000	1.419	1.397	1.924	1.473	1.196	1.480
2771000	1.153	1.381	2.331	1.400	1.187	1.574
2772000	1.497	1.615	1.540	1.334	1.310	0.819
2773000	1.220	2.235	2.323	1.569	0.942	1.818
2774000	1.362	1.545	1.851	1.293	1.085	0.471
2775000	1.560	0.805	1.318	1.068	0.956	1.257
2776000	1.752	1.113	1.175	0.995	1.445	1.575
2777000	0.822	1.033	1.852	1.363	1.635	1.052
2778000	2.344	1.774	2.347	1.342	1.418	1.529
2779000	1.605	1.910	2.677	1.008	1.194	1.111
2780000	1.278	0.899	1.673	1.055	1.390	0.780
2781000	1.303	1.412	1.466	1.159	1.263	1.103
2782000	1.062	1.853	2.544	1.369	0.965	2.701
2783000	1.137	1.263	1.079	1.433	1.542	1.211
2784000	1.375	0.883	1.174	1.157	1.385	1.224
2785000	1.617	1.201	2.274	1.588	1.749	1.063
2786000	1.600	0.985	0.602	1.088	1.579	1.561
2787000	1.314	1.247	1.456	1.302	0.833	1.755
2788000	2.181	0.707	1.040	0.990	1.721	0.650
2789000	1.477	0.710	1.716	1.305	1.540	0.390
2790000	1.647	1.796	1.448	0.646	1.051	0.904
2791000	1.848	1.576	1.889	1.521	1.756	1.402
2792000	1.365	1.095	0.998	1.306	1.581	1.552
2793000	1.577	1.512	1.910	1.262	1.757	2.448
2794000	0.680	0.897	1.564	0.923	0.691	0.587
2795000	1.564	1.290	2.155	1.489	1.116	1.330
2796000	1.049	0.844	1.579	1.390	1.183	0.608
2797000	0.554	0.258	0.599	0.740	0.682	1.000
2798000	0.913	0.748	0.660	1.177	1.157	1.218
2799000	0.967	1.381	1.801	1.204	1.090	2.193
2800000	1.221	0.889	0.621	1.099	1.122	1.132
2801000	1.833	1.773	1.780	1.659	1.070	1.395
2802000	1.716	0.995	2.495	1.612	1.104	1.084
2803000	1.213	1.112	1.794	2.011	1.422	1.390
2804000	1.750	1.881	2.781	2.045	1.293	0.879
2805000	1.672	1.794	2.345	1.119	1.043	2.022
2806000	1.563	1.415	1.863	1.111	0.909	1.978
2807000	1.210	1.724	1.572	1.166	1.079	0.828
2808000	0.735	1.592	0.845	0.823	0.893	0.876
2809000	1.739	1.683	1.029	1.192	1.737	1.528
2810000	1.671	1.541	2.582	1.106	1.398	1.145
2811000	1.782	2.090	3.430	1.590	1.281	2.351
2812000	1.558	1.427	2.262	1.115	1.480	1.224
2813000	1.364	1.550	1.529	1.148	1.364	1.042
2814000	1.440	1.268	2.513	1.385	1.485	1.001
2815000	2.104	1.968	2.420	1.534	1.259	1.269
2816000	1.108	1.487	1.666	1.303	1.859	0.614
2817000	1.337	1.438	1.767	0.941	1.267	1.130
2818000	0.516	1.407	1.069	1.322	1.143	0.761
2819000	1.506	1.696	1.498	1.389	1.580	1.756
2820000	1.340	1.330	2.028	1.246	1.095	1.919
2821000	0.604	1.278	1.828	0.844	1.030	1.332
2822000	1.064	1.279	0.840	1.296	1.179	2.309
2823000	1.000	1.269	1.297	1.226	1.229	1.771
2824000	0.309	1.453	1.506	1.288	0.959	1.342
2825000	1.041	1.438	1.480	1.809	2.153	0.599
2826000	1.075	0.522	1.156	1.035	1.508	1.326
2827000	1.395	1.295	1.513	1.404	1.471	1.713
2828000	1.415	1.294	1.299	1.386	1.824	1.013
2829000	1.258	1.700	1.467	1.553	1.336	1.717
2830000	1.127	1.651	1.385	1.121	1.228	1.287
2831000	1.742	1.884	1.430	1.420	1.704	1.577
2832000	2.387	1.622	3.477	1.449	1.616	1.525
2833000	2.206	2.087	2.118	1.847	1.364	1.329
2834000	1.000	1.521	1.296	1.191	1.260	2.045
2835000	0.838	1.155	1.958	1.253	0.762	1.407
2836000	1.346	1.464	2.479	1.357	2.032	1.034
2837000	1.295	0.948	2.026	1.313	0.995	1.843
2838000	1.421	1.232	1.232	1.188	1.245	0.936
2839000	0.756	1.055	1.339	0.811	1.086	0.858
2840000	1.437	1.100	1.143	0.954	1.240	1.749
2841000	1.342	0.681	0.841	1.018	1.431	1.468
2842000	1.075	1.333	1.625	1.132	1.266	2.308
2843000	1.446	1.331	2.629	1.634	0.948	1.410
2844000	1.161	1.926	3.228	2.346	2.042	2.362
2845000	1.811	1.186	1.911	1.461	1.859	6.283
2846000	1.701	2.094	2.092	2.086	1.437	0.994
2847000	0.692	0.743	0.788	0.741	0.806	0.913
2848000	0.314	0.055	0.000	0.399	0.943	0.526
2849000	0.264	0.031	0.000	0.280	0.256	0.000
2850000	0.160	0.123	0.000	0.306	0.544	0.266
2851000	1.016	0.213	0.218	0.641	0.676	0.332
2852000	1.502	1.080	1.076	1.159	1.280	1.390
2853000	0.640	1.143	1.296	0.861	1.511	1.010
2854000	0.985	0.889	0.648	1.165	1.097	1.009
2855000	1.204	0.127	0.079	0.861	0.321	1.562
2856000	0.636	0.313	0.088	0.887	0.694	0.731
2857000	0.223	0.126	0.065	0.128	0.174	0.456
2858000	1.653	0.665	0.375	1.029	0.982	1.906
2859000	1.445	1.193	0.972	1.425	0.884	1.060
2860000	0.875	1.310	0.478	2.013	1.397	0.842
2861000	1.160	1.299	0.582	1.153	1.314	0.712
2862000	1.286	1.049	0.604	1.382	1.112	1.602
2863000	1.082	1.586	1.137	1.206	1.166	1.135
2864000	0.878	0.930	0.466	1.149	1.070	1.251
2865000	1.656	1.246	1.429	1.198	1.307	1.362
2866000	1.505	0.703	1.331	2.045	1.428	1.755
2867000	1.326	0.974	1.914	1.868	1.555	2.205
2868000	1.815	0.879	2.646	1.523	1.333	1.602
2869000	1.044	0.827	0.800	1.280	1.203	1.628
2870000	2.332	1.374	1.028	1.526	1.484	14.093
2871000	1.408	1.601	0.755	1.375	1.579	7.365
2872000	1.724	1.089	1.961	1.762	1.627	1.380
2873000	1.405	1.718	1.599	1.098	1.130	1.993
2874000	1.404	1.666	2.410	1.446	1.641	0.822
2875000	1.236	0.567	1.214	1.692	1.466	1.260
2876000	2.186	1.676	2.660	2.004	1.059	2.200
2877000	1.300	1.933	2.706	1.805	1.217	1.685
2878000	1.420	1.660	1.925	1.138	1.260	0.927
2879000	1.274	1.477	1.544	1.472	1.666	0.640
2880000	2.079	1.460	2.441	1.673	1.369	0.764
2881000	0.828	1.084	1.214	1.369	0.980	2.212
2882000	1.532	2.005	3.215	1.464	1.086	1.568
2883000	1.637	1.590	1.292	1.089	1.468	0.622
2884000	1.327	1.291	1.601	0.999	1.423	1.259
2885000	1.433	1.692	1.576	1.336	1.432	1.212
2886000	1.501	1.881	1.775	1.527	0.865	0.580
2887000	0.449	0.788	0.864	0.949	0.770	0.664
2888000	0.809	0.995	0.630	1.032	1.471	3.006
2889000	0.965	0.887	1.151	0.794	0.774	11.587
2890000	1.211	1.561	1.512	0.956	1.434	0.692
2891000	1.444	1.317	2.148	1.378	1.446	2.474
2892000	1.369	1.022	1.584	1.603	1.026	1.540
2893000	1.499	0.835	1.920	1.413	1.072	0.943
2894000	1.444	1.936	1.494	1.569	1.403	2.492
2895000	1.090	1.652	1.509	1.450	1.715	1.093
2896000	1.827	1.823	1.517	1.745	1.323	1.964
2897000	2.014	0.877	0.654	1.531	1.488	0.719
2898000	0.736	1.715	1.390	1.373	1.246	1.049
2899000	0.756	0.770	0.593	1.011	0.897	0.976
2900000	0.977	1.144	0.847	1.513	0.783	2.039
2901000	1.495	1.491	2.225	1.969	1.417	0.717
2902000	1.555	1.054	1.922	1.515	1.402	1.058
2903000	1.419	1.472	2.221	1.027	1.244	0.895
2904000	2.078	1.157	2.826	2.129	1.695	1.259
2905000	1.670	1.621	2.014	1.452	0.919	0.825
2906000	0.522	0.812	0.940	1.152	0.848	5.822
2907000	0.000	0.079	0.042	0.609	0.545	1.420
2908000	0.119	0.310	0.269	0.284	0.488	1.253
2909000	0.732	0.718	0.586	1.104	0.844	1.283
2910000	1.267	0.956	0.534	1.187	1.446	0.741
2911000	1.303	1.168	2.256	1.492	1.070	0.851
2912000	1.832	1.349	1.728	1.363	1.360	1.511
2913000	1.951	1.199	1.628	1.741	1.024	2.057
2914000	1.266	0.590	1.172	1.129	0.861	1.641
2915000	0.915	1.332	2.166	1.312	0.871	0.834
2916000	1.565	1.800	1.569	1.423	0.896	0.922
2917000	1.194	0.789	1.543	1.272	1.018	1.472
2918000	0.822	1.633	2.170	1.125	1.367	1.254
2919000	1.250	0.982	1.298	1.249	1.414	1.712
2920000	1.748	0.997	1.688	1.564	1.163	1.212
2921000	1.546	1.685	1.691	1.416	1.215	1.774
2922000	1.381	2.022	2.266	1.465	1.183	0.351
2923000	1.241	1.893	2.175	1.237	1.399	1.623
2924000	0.736	1.016	0.920	0.910	0.511	0.650
2925000	0.470	2.013	1.702	1.123	0.582	0.931
2926000	0.842	2.006	1.253	1.365	1.239	0.837
2927000	1.200	1.444	1.212	1.259	1.108	1.157
2928000	1.299	1.151	1.560	1.601	1.291	1.166
2929000	0.699	0.868	0.977	1.211	0.602	0.596
2930000	1.448	1.169	1.978	1.930	0.927	2.528
2931000	1.248	1.637	1.995	1.499	1.149	1.309
2932000	1.314	1.326	1.839	1.042	1.593	1.236
2933000	1.383	1.508	2.455	1.424	1.473	1.167
2934000	1.010	1.290	1.791	1.409	1.638	1.368
2935000	0.935	1.272	0.835	0.954	1.037	1.688
2936000	0.587	0.929	1.372	0.882	0.840	1.789
2937000	1.226	1.817	2.000	1.700	1.172	2.523
2938000	1.362	1.998	1.788	1.684	1.353	1.864
2939000	1.643	1.311	2.285	1.059	1.343	0.886
2940000	1.043	1.093	1.573	2.024	1.206	0.574
2941000	1.107	0.692	1.426	1.321	0.812	2.072
2942000	1.545	1.469	0.868	2.037	2.024	0.833
2943000	0.957	1.268	1.458	1.573	1.381	1.046
2944000	0.618	1.496	0.796	0.530	0.941	0.608
2945000	0.940	0.839	0.166	0.328	1.118	0.780
2946000	0.940	0.686	0.342	1.188	0.970	1.834
2947000	1.852	1.435	1.686	1.601	1.404	1.357
2948000	1.053	1.950	2.283	1.216	1.240	1.007
2949000	1.657	1.954	2.271	1.750	0.907	1.296
2950000	1.673	2.812	2.374	1.402	0.760	0.765
2951000	2.017	1.355	2.060	1.603	1.292	0.996
2952000	1.705	1.174	1.978	1.329	1.181	2.111
2953000	0.673	1.192	1.020	0.701	1.238	1.048
2954000	1.870	0.994	2.450	1.407	1.300	1.587
2955000	1.200	2.039	2.215	1.590	1.496	1.233
2956000	2.119	1.727	1.629	1.723	1.525	1.641
2957000	1.339	1.605	1.714	1.802	1.344	2.154
2958000	1.319	1.241	1.624	1.554	1.611	1.214
2959000	1.112	1.763	0.998	1.075	1.364	0.795
2960000	1.968	2.162	1.648	1.409	0.969	1.613
2961000	1.569	1.499	0.614	1.226	0.370	2.601
2962000	1.447	1.358	1.146	1.288	0.906	2.230
2963000	1.636	0.928	1.473	1.370	1.241	2.889
2964000	0.227	0.433	0.083	0.435	0.478	0.463
2965000	1.321	1.518	0.982	1.448	1.039	1.386
2966000	1.423	1.152	0.519	1.060	0.625	1.713
2967000	1.242	1.840	0.989	1.208	0.848	1.831
2968000	1.110	1.483	2.236	1.278	0.734	0.570
2969000	1.025	1.515	2.415	1.497	0.803	1.895
2970000	1.366	1.091	0.959	0.939	0.879	0.330
2971000	0.872	0.753	1.121	0.657	1.046	1.103
2972000	1.978	1.617	1.776	1.209	1.199	1.188
2973000	1.121	0.985	0.679	1.272	1.145	3.758
2974000	0.768	1.176	0.964	1.644	1.009	1.794
2975000	0.726	0.711	0.644	1.107	0.648	1.783
2976000	1.268	1.467	1.509	1.182	1.034	0.683
2977000	1.042	2.691	1.547	1.727	1.493	1.891
2978000	1.708	1.741	1.067	1.668	1.898	1.478
2979000	0.900	1.053	1.167	1.373	1.107	1.408
2980000	1.501	1.720	1.526	1.324	0.679	1.115
2981000	1.415	1.707	2.105	1.379	1.410	2.182
2982000	0.603	1.600	2.078	1.466	1.283	1.617
2983000	1.616	1.767	2.091	1.707	1.014	2.855
2984000	1.163	1.565	1.563	1.127	1.088	0.865
2985000	1.530	1.831	2.280	1.592	1.144	2.121
2986000	1.342	1.271	0.940	0.980	0.943	1.178
2987000	0.939	1.036	1.505	1.221	0.770	1.283
2988000	0.713	2.359	1.137	1.082	1.339	1.620
2989000	0.216	0.128	0.052	0.164	0.134	0.060
2990000	0.390	0.176	0.050	0.121	0.112	0.375
2991000	1.784	2.161	1.730	0.751	0.774	1.191
2992000	1.128	1.407	2.510	0.935	1.036	1.598
2993000	2.070	0.886	2.171	1.680	1.170	0.738
2994000	1.485	0.802	0.834	1.577	1.726	4.939
2995000	1.921	1.286	0.944	1.339	1.441	16.758
2996000	1.351	1.351	1.304	1.133	1.445	1.405
2997000	1.612	1.265	1.649	1.852	1.710	0.710
2998000	1.262	1.537	1.582	1.554	1.612	2.010
2999000	1.590	1.173	1.504	1.316	1.745	1.454
3000000	1.805	0.818	1.542	1.689	1.743	1.157
3001000	1.550	1.088	2.142	0.789	1.164	0.852
3002000	1.019	1.240	0.974	0.921	0.995	0.827
3003000	1.107	0.621	0.685	0.919	0.779	1.078
3004000	1.975	1.875	1.091	1.038	0.604	1.383
3005000	1.458	1.637	1.522	1.028	1.017	1.067
3006000	1.862	1.369	1.891	1.194	1.172	2.550
3007000	0.986	0.969	1.159	1.090	1.009	1.190
3008000	1.208	1.060	1.035	0.446	1.131	1.151
3009000	1.196	1.553	0.888	1.528	1.186	0.764
3010000	1.567	1.621	0.451	0.969	0.748	0.720
3011000	0.966	1.222	1.953	2.024	1.511	0.915
3012000	1.531	2.414	2.913	1.688	1.043	1.596
3013000	1.512	2.899	2.129	1.721	1.300	1.224
3014000	1.283	1.104	1.509	1.625	1.223	0.735
3015000	0.956	0.871	2.030	1.576	1.277	0.819
3016000	0.819	1.971	1.951	0.906	1.215	0.874
3017000	0.999	2.055	1.460	1.096	1.076	1.647
3018000	1.308	2.216	2.247	1.477	1.393	1.862
3019000	1.467	1.008	1.531	0.721	1.255	1.223
3020000	1.234	0.625	1.365	1.237	1.649	1.167
3021000	1.443	1.219	1.457	1.133	1.555	0.780
3022000	1.336	1.506	1.356	1.478	1.052	0.492
3023000	1.394	1.652	0.923	1.389	1.025	1.067
3024000	0.970	0.750	1.166	1.363	1.500	0.704
3025000	1.874	1.445	1.572	1.153	1.500	1.356
3026000	1.016	0.874	1.254	1.153	2.016	1.374
3027000	1.203	1.115	0.063	1.234	1.416	0.976
3028000	1.295	2.118	0.943	1.645	0.807	0.821
3029000	0.241	0.752	0.542	0.336	0.693	0.677
3030000	0.935	0.698	2.256	1.613	1.371	1.901
3031000	1.460	1.251	1.975	1.900	1.631	1.223
3032000	1.384	0.962	2.173	2.350	1.628	1.049
3033000	1.451	1.343	1.665	1.713	1.814	0.728
3034000	0.980	1.444	1.347	1.559	1.138	1.584
3035000	0.850	1.468	2.746	2.511	1.189	1.284
3036000	1.571	2.632	1.671	1.866	1.801	0.951
3037000	1.368	1.565	3.364	1.656	1.595	2.359
3038000	2.285	2.225	1.619	2.650	1.915	2.288
3039000	1.527	2.325	1.096	1.290	1.979	2.043
3040000	2.086	2.399	3.036	2.026	2.564	0.308
3041000	1.671	1.812	1.135	1.805	1.497	1.840
3042000	1.014	1.300	0.225	1.248	1.363	1.662
3043000	0.369	0.733	0.122	0.371	0.577	1.647
3044000	0.122	0.269	0.005	0.303	0.076	4.677
3045000	0.790	1.265	1.226	0.653	0.746	2.909
3046000	1.071	1.247	0.829	1.947	1.217	0.720
3047000	0.877	0.981	0.890	1.415	0.753	1.052
3048000	1.399	0.678	0.918	1.688	1.267	1.238
3049000	1.315	1.077	1.783	1.229	0.978	4.450
3050000	0.402	0.575	0.418	0.947	0.278	1.919
3051000	1.464	1.368	1.497	1.402	0.888	2.365
3052000	1.175	1.250	0.637	0.663	1.006	0.670
3053000	0.538	1.082	1.164	0.728	0.762	0.593
3054000	1.086	1.461	1.775	0.923	1.189	1.623
3055000	0.997	1.256	1.097	0.869	0.750	0.818
3056000	1.281	0.794	0.750	1.344	1.077	2.118
3057000	1.019	1.738	0.904	1.319	1.539	2.377
3058000	1.834	1.978	1.890	1.573	1.693	1.921
3059000	1.111	1.223	0.561	1.125	0.811	0.562
3060000	1.653	2.018	2.523	1.807	0.949	1.079
3061000	1.093	2.054	0.333	1.196	0.958	0.948
3062000	1.114	0.974	0.740	0.944	1.153	1.483
3063000	0.753	1.291	1.301	0.974	1.382	0.970
3064000	1.291	1.224	1.301	1.299	1.337	1.372
3065000	1.496	1.490	1.464	1.780	1.200	2.039
3066000	0.567	0.977	1.452	0.854	1.322	1.236
3067000	0.999	1.129	1.966	1.524	1.500	1.531
3068000	0.638	1.055	1.461	0.935	1.118	1.067
3069000	1.355	1.347	1.613	1.097	0.823	0.578
3070000	1.113	1.183	1.378	1.630	1.907	1.106
3071000	1.092	1.309	1.875	1.572	1.302	0.410
3072000	1.500	2.035	2.388	1.723	1.416	1.689
3073000	1.102	1.101	2.713	1.681	1.062	0.354
3074000	2.089	1.725	2.306	1.319	1.177	2.589
3075000	1.584	1.900	1.755	1.412	1.099	1.428
3076000	1.479	0.826	0.609	0.725	0.935	1.178
3077000	1.699	1.186	2.261	0.645	1.742	1.287
3078000	1.027	1.570	1.635	1.026	1.218	1.623
3079000	1.335	1.792	1.657	1.464	1.416	1.262
3080000	1.428	1.833	1.678	1.516	1.745	0.804
3081000	1.775	1.849	1.535	1.913	1.095	1.209
3082000	0.967	1.302	1.050	0.976	0.730	0.638
3083000	0.983	1.097	0.629	0.926	0.616	1.088
3084000	1.415	1.609	1.814	0.811	0.568	1.283
3085000	0.768	1.224	0.863	0.790	1.238	1.873
3086000	0.707	1.372	1.688	1.134	0.930	1.099
3087000	0.259	0.415	0.335	0.352	0.325	0.233
3088000	0.032	0.091	0.000	0.029	0.066	0.000
3089000	0.041	0.041	0.000	0.043	0.069	0.330
3090000	0.054	0.000	0.000	0.000	0.178	0.197
3091000	0.018	0.022	0.082	0.035	0.136	0.631
3092000	0.040	0.057	0.000	0.074	0.048	0.182
3093000	0.871	0.900	0.486	0.334	0.581	0.979
3094000	1.101	1.187	1.676	0.927	0.757	1.286
3095000	0.788	1.018	0.367	0.663	0.819	1.353
3096000	0.748	1.408	1.102	1.071	0.939	1.958
3097000	1.362	1.467	1.742	1.438	1.486	0.975
3098000	1.102	1.415	1.404	0.949	1.114	2.126
3099000	1.567	1.998	2.329	1.767	1.051	6.423
3100000	1.183	1.891	1.524	1.155	1.597	1.553
3101000	0.956	1.479	1.536	1.355	1.354	1.393
3102000	1.517	0.993	2.362	1.497	1.399	1.248
3103000	0.658	1.167	1.201	0.893	1.194	1.419
3104000	1.285	1.452	1.778	1.213	0.963	0.785
3105000	1.460	1.499	1.467	1.414	1.343	1.308
3106000	2.257	2.687	2.839	1.161	1.445	0.996
3107000	1.765	1.871	2.518	1.511	1.287	1.942
3108000	1.673	1.739	2.367	1.328	1.552	0.732
3109000	1.396	1.511	1.792	1.687	1.656	2.166
3110000	1.160	1.018	2.047	1.216	1.479	1.797
3111000	1.762	1.407	1.902	1.769	1.317	0.637
3112000	2.336	1.528	1.648	1.692	1.779	1.383
3113000	1.909	1.238	1.264	1.430	1.526	1.244
3114000	1.838	1.826	2.474	1.645	1.521	1.885
3115000	1.056	1.753	1.275	1.156	1.627	0.726
3116000	0.976	2.315	2.085	0.949	1.701	1.016
3117000	1.133	1.305	1.612	1.128	0.947	1.247
3118000	0.992	1.950	1.737	1.589	1.544	1.212
3119000	0.785	1.704	1.899	1.566	1.199	1.160
3120000	1.623	1.102	1.482	1.286	1.695	1.283
3121000	0.872	1.452	1.188	1.674	1.130	1.088
3122000	0.914	1.188	1.317	0.612	0.911	0.903
3123000	1.334	1.346	1.781	1.437	1.466	7.377
3124000	1.477	1.516	2.212	0.870	0.790	14.771
3125000	1.033	0.945	1.412	1.149	1.410	0.951
3126000	1.495	1.501	0.494	2.015	1.426	1.265
3127000	1.377	1.369	2.034	1.358	1.190	0.771
3128000	1.115	2.639	0.633	1.073	0.651	5.120
3129000	1.141	0.965	1.242	1.810	1.179	3.785
3130000	1.586	1.916	1.588	1.332	1.555	1.309
3131000	1.253	0.594	1.170	0.454	0.869	3.330
3132000	1.248	0.987	1.397	1.569	1.271	7.498
3133000	1.744	1.742	1.484	1.249	1.354	1.190
3134000	1.642	1.330	1.571	1.426	1.753	1.862
3135000	1.010	1.226	1.929	1.838	1.614	0.952
3136000	1.451	1.426	1.053	1.226	1.551	0.776
3137000	1.537	1.429	1.894	0.996	1.151	1.007
3138000	1.554	0.847	0.188	0.744	1.052	3.185
3139000	1.137	1.225	0.837	1.168	1.167	1.335
3140000	1.360	1.628	1.236	1.198	1.479	1.637
3141000	1.333	1.827	1.281	1.702	1.598	1.399
3142000	1.225	1.315	1.392	1.439	1.925	1.764
3143000	1.168	1.276	0.950	1.363	1.653	1.677
3144000	1.394	0.848	1.182	0.770	1.170	1.433
3145000	1.190	1.572	1.370	1.046	1.174	1.426
3146000	0.859	1.062	1.026	0.926	1.249	1.072
3147000	1.025	1.535	2.393	1.232	1.786	1.344
3148000	1.533	0.660	1.506	1.426	0.732	1.396
3149000	1.204	1.388	0.736	1.732	1.171	0.587
